curah_hujan_DK,curah_hujan_BS,debit_sungai_m3_per_detik,tinggi_muka_air_m,Banjir
33.0,1.0,130.5,5.63,0
0.0,10.75,93.5,4.98,0
0.0,20.5,79.12,4.69,0
11.5,2.0,91.08,4.94,0
2.0,1.6666666666666667,76.0,4.61,0
3.0,1.3333333333333335,55.8,4.14,0
4.0,1.0,57.57,4.19,0
5.0,1.0,43.34,3.8,0
6.0,1.0,37.55,3.64,0
7.0,1.0,33.85,3.52,0
8.0,1.0,35.62,3.58,0
9.0,1.0,28.79,3.35,0
10.0,6.5,31.9,3.45,0
11.0,1.5,40.71,3.73,0
2.5,4.5,42.29,3.77,0
6.5,2.0,39.06,3.67,0
3.0,1.0,34.69,3.54,0
0.0,2.0,33.56,3.5,0
3.5,1.5,33.88,3.51,0
1.0,14.0,36.98,3.61,0
15.5,32.0,84.49,4.8,0
84.0,2.0,105.05,5.16,0
3.0,0.0,73.38,4.54,0
0.0,28.5,74.38,4.57,0
26.5,35.0,101.97,5.11,1
62.5,0.0,102.91,5.1,0
0.0,0.0,64.47,4.33,0
0.0,0.0,59.96,4.22,0
0.0,18.5,78.85,4.65,0
9.0,3.5,91.09,4.89,0
1.5,4.0,91.97,4.92,0
4.0,11.0,97.53,5.04,0
3.0,0.0,95.1,4.97,0
2.0,2.0,73.64,4.53,0
2.5,8.5,83.54,4.75,0
5.0,2.5,100.03,5.08,0
0.0,18.5,116.01,5.34,0
14.0,12.0,147.09,5.87,1
8.0,1.0,152.71,5.95,0
1.5,2.5,116.86,5.37,0
4.0,0.0,111.57,5.27,0
0.0,8.5,118.1,5.38,0
20.5,5.0,145.51,5.83,0
1.0,2.5,131.17,5.6,0
2.0,9.333333333333332,95.84,4.97,0
6.0,16.166666666666664,77.02,4.59,0
10.0,23.0,75.16,4.56,0
14.0,5.0,84.2,4.74,0
4.0,10.0,104.2,5.14,0
10.5,2.5,139.22,5.74,0
4.0,2.4285714285714284,105.67,5.15,0
0.0,2.357142857142857,84.72,4.74,0
0.2222222222222222,2.2857142857142856,68.02,4.38,0
0.4444444444444444,2.2142857142857144,68.58,4.4,0
0.6666666666666666,2.142857142857143,58.1,4.13,0
0.8888888888888888,2.0714285714285716,45.18,3.79,0
1.1111111111111112,2.0,45.85,3.82,0
1.3333333333333333,3.0,57.82,4.14,0
1.5555555555555556,17.0,70.79,4.44,0
1.7777777777777777,0.0,89.44,4.83,0
2.0,1.5,90.77,4.86,0
2.5,6.0,76.96,4.57,0
4.25,1.0,62.73,4.25,0
6.0,0.6666666666666667,60.8,4.2,0
0.0,0.33333333333333337,60.24,4.19,0
0.0,0.0,50.55,3.94,0
0.0,0.0,48.4,3.88,0
0.0,3.0,45.69,3.8,0
4.833333333333334,6.0,40.48,3.65,0
9.666666666666668,9.0,40.76,3.66,0
14.5,9.5,55.5,4.07,0
10.0,4.75,56.79,4.09,0
11.0,0.0,46.8,3.82,0
12.0,14.0,66.57,4.34,0
13.0,11.5,83.58,4.7,0
6.5,9.0,76.8,4.55,0
0.0,6.5,85.37,4.74,0
14.5,18.0,109.64,5.2,1
15.5,6.5,127.0,5.5,0
5.5,1.5,117.47,5.33,0
1.0,31.0,111.11,5.22,0
13.5,0.0,105.78,5.11,0
19.5,2.0,97.28,4.96,0
1.5,30.5,107.52,5.15,0
24.5,3.5,106.44,5.12,0
4.5,26.5,90.02,4.81,0
28.0,27.5,107.4,5.14,1
22.25,10.0,109.55,5.19,0
16.5,7.0,82.02,4.63,0
10.75,4.0,104.27,5.08,0
5.0,55.0,104.98,5.09,0
56.0,31.25,156.26,5.97,1
0.0,7.5,112.61,5.21,0
1.0,73.0,124.69,5.41,0
65.0,2.5,194.33,6.49,0
32.5,0.0,121.7,5.36,0
0.0,0.5,105.48,5.09,0
20.0,1.0,86.68,4.73,0
1.5,1.0,106.33,5.11,0
0.0,0.0,82.03,4.62,0
2.7500000000000004,4.5,76.4,4.52,0
5.5,7.5,79.8,4.58,0
17.5,8.0,100.43,5.0,0
7.0,60.5,92.99,4.85,0
33.5,10.5,131.38,5.55,1
9.5,4.0,129.83,5.51,0
32.0,2.0,114.81,5.24,0
0.0,0.0,104.03,5.04,0
0.0,20.5,91.83,4.82,0
17.0,7.5,101.74,5.01,0
50.0,1.0,81.92,4.61,0
0.0,0.8333333333333334,75.4,4.47,0
0.15,0.6666666666666667,66.11,4.26,0
0.3,0.5,60.95,4.14,0
0.45,0.33333333333333337,56.86,4.04,0
0.6,0.16666666666666674,56.49,4.03,0
0.75,0.0,55.52,4.01,0
0.9,0.0,60.57,4.13,0
1.05,2.3333333333333335,54.8,3.98,0
1.2,4.666666666666667,63.73,4.21,0
1.35,7.0,57.24,4.04,0
1.5,4.0,68.07,4.31,0
7.0,10.5,104.8,5.05,0
16.0,2.0,113.8,5.2,0
2.5,3.0,92.71,4.8,0
0.0,7.5,87.08,4.7,0
6.5,5.25,117.27,5.27,0
11.75,3.0,70.65,4.34,0
17.0,3.7142857142857144,64.12,4.2,0
18.428571428571427,4.428571428571429,88.83,4.74,0
19.857142857142858,5.142857142857142,51.29,3.86,0
21.285714285714285,5.857142857142858,45.46,3.72,0
22.714285714285715,6.571428571428571,44.36,3.69,0
24.142857142857142,7.285714285714286,45.29,3.71,0
25.57142857142857,8.0,42.72,3.64,0
27.0,0.0,55.25,3.98,0
20.25,8.5,45.1,3.7,0
13.5,17.0,41.99,3.61,0
6.75,0.0,41.01,3.58,0
0.0,0.42857142857142855,38.42,3.5,0
3.875,0.8571428571428571,35.8,3.42,0
7.75,1.2857142857142858,34.71,3.38,0
11.625,1.7142857142857142,32.45,3.31,0
15.5,2.142857142857143,31.74,3.28,0
19.375,2.5714285714285716,31.44,3.27,0
23.25,3.0,34.33,3.37,0
27.125,4.5,37.62,3.47,0
31.0,0.0,39.55,3.52,0
26.9,1.3750000000000002,34.12,3.35,0
22.8,2.7500000000000004,32.69,3.31,0
18.7,4.125,30.51,3.23,0
14.600000000000001,5.5,31.01,3.25,0
10.5,5.428571428571429,35.57,3.4,0
10.306122448979592,5.357142857142857,36.09,3.41,0
10.112244897959183,5.285714285714286,32.81,3.3,0
9.918367346938776,5.214285714285714,32.3,3.29,0
9.724489795918368,5.142857142857143,31.0,3.24,0
9.53061224489796,5.071428571428571,28.95,3.17,0
9.33673469387755,5.0,30.44,3.22,0
9.142857142857142,4.928571428571429,32.24,3.28,0
8.948979591836736,4.857142857142858,38.35,3.47,0
8.755102040816327,4.785714285714286,34.57,3.36,0
8.561224489795919,4.714285714285714,31.35,3.25,0
8.36734693877551,4.642857142857143,32.11,3.27,0
8.173469387755102,4.571428571428571,27.05,3.09,0
7.979591836734694,4.5,26.71,3.08,0
7.7857142857142865,4.428571428571429,27.21,3.1,0
7.591836734693878,4.357142857142858,26.76,3.08,0
7.3979591836734695,4.285714285714286,27.18,3.09,0
7.204081632653061,4.214285714285714,26.14,3.05,0
7.010204081632653,4.142857142857143,24.79,3.01,0
6.816326530612246,4.071428571428571,24.72,3.0,0
6.622448979591837,4.0,24.03,2.97,0
6.428571428571429,3.928571428571429,22.57,2.91,0
6.23469387755102,3.857142857142857,21.73,2.88,0
6.040816326530613,3.7857142857142856,21.26,2.86,0
5.846938775510204,3.7142857142857144,21.18,2.86,0
5.653061224489797,3.6428571428571432,22.64,2.91,0
5.459183673469388,3.5714285714285716,22.68,2.91,0
5.26530612244898,3.5,21.63,2.87,0
5.071428571428572,3.428571428571429,20.91,2.83,0
4.877551020408164,3.357142857142857,21.48,2.86,0
4.683673469387755,3.285714285714286,21.42,2.85,0
4.4897959183673475,3.2142857142857144,20.36,2.81,0
4.295918367346939,3.142857142857143,20.77,2.82,0
4.102040816326531,3.0714285714285716,18.56,2.73,0
3.908163265306123,3.0,19.56,2.77,0
3.7142857142857144,2.928571428571429,20.09,2.79,0
3.520408163265307,2.857142857142857,19.3,2.76,0
3.3265306122448983,2.785714285714286,19.29,2.76,0
3.1326530612244907,2.7142857142857144,18.86,2.73,0
2.9387755102040822,2.642857142857143,18.87,2.74,0
2.7448979591836737,2.5714285714285716,18.4,2.71,0
2.551020408163266,2.5,19.25,2.75,0
2.3571428571428577,2.428571428571429,20.54,2.8,0
2.163265306122449,2.357142857142857,27.81,3.04,0
1.9693877551020407,2.285714285714286,19.18,2.74,0
1.775510204081634,2.2142857142857144,18.97,2.73,0
1.5816326530612255,2.1428571428571432,18.1,2.69,0
1.387755102040817,2.0714285714285716,17.58,2.67,0
1.1938775510204085,2.0,17.88,2.68,0
1.0,1.9090909090909092,17.15,2.65,0
1.0454545454545454,1.8181818181818181,17.54,2.67,0
1.0909090909090908,1.7272727272727273,17.59,2.67,0
1.1363636363636362,1.6363636363636365,17.14,2.64,0
1.1818181818181819,1.5454545454545454,17.66,2.67,0
1.2272727272727273,1.4545454545454546,20.85,2.8,0
1.2727272727272727,1.3636363636363638,19.54,2.75,0
1.3181818181818181,1.272727272727273,19.12,2.72,0
1.3636363636363635,1.1818181818181819,17.43,2.65,0
1.4090909090909092,1.0909090909090908,17.09,2.63,0
1.4545454545454546,1.0,18.18,2.68,0
1.5,6.500000000000001,24.77,2.95,0
4.125,12.000000000000002,20.12,2.76,0
6.75,17.5,17.99,2.67,0
9.375,23.000000000000004,17.68,2.66,0
12.0,28.500000000000004,17.35,2.64,0
14.625,34.0,17.45,2.64,0
17.25,39.50000000000001,17.11,2.62,0
19.875,45.00000000000001,17.63,2.65,0
22.5,50.50000000000001,16.01,2.57,0
25.125,56.00000000000001,16.97,2.61,0
27.75,61.50000000000001,16.16,2.57,0
30.375,67.0,23.21,2.87,0
33.0,65.28205128205128,26.23,2.97,0
32.65625,63.56410256410256,18.55,2.68,0
32.3125,61.84615384615385,19.41,2.72,0
31.96875,60.12820512820513,18.37,2.67,0
31.625,58.41025641025641,17.07,2.61,0
31.28125,56.69230769230769,17.55,2.63,0
30.9375,54.97435897435898,17.45,2.63,0
30.59375,53.256410256410255,17.32,2.62,0
30.25,51.53846153846154,16.87,2.59,0
29.90625,49.82051282051282,16.5,2.57,0
29.5625,48.1025641025641,15.49,2.53,0
29.21875,46.38461538461539,16.45,2.58,0
28.875,44.66666666666667,16.3,2.56,0
28.53125,42.94871794871795,16.18,2.56,0
28.1875,41.23076923076923,16.83,2.59,0
27.84375,39.51282051282051,16.87,2.59,0
27.5,37.794871794871796,16.26,2.56,0
26.75,36.07692307692308,16.3,2.56,0
26.0,34.35897435897436,16.15,2.55,0
25.25,32.64102564102564,15.7,2.53,0
24.5,30.923076923076927,15.84,2.54,0
23.75,29.205128205128204,16.12,2.54,0
23.0,27.48717948717949,15.99,2.54,0
22.25,25.769230769230774,16.27,2.55,0
21.5,24.05128205128205,16.46,2.55,0
20.75,22.333333333333336,16.27,2.54,0
20.0,20.61538461538462,15.58,2.52,0
19.25,18.897435897435898,15.94,2.53,0
18.5,17.179487179487182,15.4,2.5,0
17.75,15.461538461538467,15.15,2.49,0
17.0,13.743589743589745,16.25,2.54,0
16.25,12.025641025641029,16.34,2.54,0
15.5,10.307692307692314,16.17,2.53,0
14.75,8.589743589743591,16.03,2.52,0
14.0,6.871794871794876,17.79,2.6,0
13.25,5.15384615384616,15.47,2.5,0
12.499999999999998,3.435897435897438,17.16,2.58,0
11.749999999999998,1.7179487179487154,15.7,2.5,0
11.0,0.0,15.6,2.5,0
10.25,6.0,24.61,2.87,0
9.5,8.142857142857142,27.15,2.98,0
9.545454545454545,10.285714285714285,23.25,2.82,0
9.590909090909092,12.428571428571429,21.29,2.74,0
9.636363636363637,14.571428571428571,19.44,2.66,0
9.681818181818182,16.714285714285715,17.69,2.59,0
9.727272727272727,18.857142857142858,16.06,2.51,0
9.772727272727273,21.0,23.89,2.82,0
9.818181818181818,15.75,23.32,2.81,0
9.863636363636363,10.5,20.68,2.71,0
9.909090909090908,5.25,21.17,2.73,0
9.954545454545455,0.0,25.87,2.9,0
10.0,0.0,46.99,3.49,0
10.166666666666666,0.0,42.43,3.33,0
10.333333333333334,0.0,20.9,2.71,0
10.5,41.5,20.36,2.69,0
35.0,83.0,42.95,3.37,0
59.5,58.16666666666667,46.04,3.5,0
53.5,33.333333333333336,29.42,3.03,0
47.5,8.5,27.67,2.97,0
41.5,8.166666666666666,23.21,2.8,0
35.5,7.833333333333333,24.1,2.84,0
29.499999999999996,7.5,28.71,3.0,0
23.5,7.166666666666667,27.99,2.97,0
22.595238095238095,6.833333333333334,24.46,2.84,0
21.69047619047619,6.5,21.96,2.74,0
20.785714285714285,6.166666666666667,20.37,2.68,0
19.88095238095238,5.833333333333334,19.85,2.66,0
18.976190476190474,5.5,19.49,2.64,0
18.071428571428573,5.166666666666667,19.79,2.65,0
17.166666666666668,4.833333333333334,20.48,2.68,0
16.261904761904763,4.5,19.8,2.65,0
15.357142857142858,4.166666666666667,19.14,2.62,0
14.452380952380953,3.833333333333334,19.12,2.61,0
13.547619047619047,3.500000000000001,18.7,2.6,0
12.642857142857144,3.166666666666667,17.48,2.54,0
11.738095238095239,2.833333333333334,18.1,2.57,0
10.833333333333334,2.500000000000001,18.37,2.58,0
9.928571428571429,2.166666666666667,17.95,2.56,0
9.023809523809526,1.833333333333334,17.44,2.54,0
8.11904761904762,1.5000000000000009,18.45,2.58,0
7.214285714285715,1.166666666666667,17.08,2.51,0
6.30952380952381,0.8333333333333339,16.26,2.47,0
5.404761904761905,0.5,17.7,2.54,0
4.5,1.0,20.72,2.67,0
30.5,45.0,31.97,3.08,0
56.5,0.5,66.55,4.03,0
0.5,8.0,37.34,3.24,0
18.5,14.5,46.62,3.53,0
9.5,39.5,61.94,3.92,0
0.4,0.5,68.18,4.07,0
22.2,17.0,52.52,3.67,0
44.0,68.5,87.52,4.48,0
49.5,46.0,105.35,4.8,0
48.5,26.75,92.87,4.57,0
34.5,7.5,58.59,3.82,0
20.5,17.0,53.7,3.7,0
21.5,54.5,52.48,3.66,0
57.0,0.5,83.11,4.38,0
51.375,15.166666666666666,52.8,3.67,0
45.75,29.833333333333332,42.46,3.38,0
40.125,44.5,47.77,3.53,0
34.5,10.5,61.84,3.89,0
30.5,24.75,42.0,3.36,0
27.0,39.0,41.38,3.34,0
23.5,11.5,121.02,5.11,1
23.0,3.5,106.11,4.8,0
10.5,4.5,81.28,4.31,0
9.0,4.625,53.48,3.67,0
59.5,4.75,45.18,3.46,0
40.33333333333333,4.875,38.7,3.27,0
21.166666666666664,5.0,39.36,3.29,0
2.0,11.666666666666668,61.59,3.89,0
5.5,18.333333333333336,77.05,4.24,0
1.0,25.0,59.5,3.82,0
9.0,4.5,64.64,3.94,0
2.0,1.0,80.84,4.32,0
14.0,19.5,94.32,4.58,0
26.0,11.0,136.97,5.35,1
33.5,15.0,137.58,5.33,1
14.5,32.0,130.4,5.22,1
61.5,3.0,132.4,5.24,0
5.0,53.0,113.84,4.93,0
44.0,22.0,115.41,4.95,1
13.5,13.0,134.46,5.28,1
9.5,4.0,110.89,4.88,0
5.5,15.5,101.73,4.7,0
13.0,11.0,133.8,5.24,1
1.0,6.5,109.99,4.83,0
1.1666666666666667,2.0,89.98,4.47,0
1.3333333333333333,3.875,71.52,4.08,0
1.5,5.75,66.83,3.98,0
2.642857142857143,7.625,61.74,3.86,0
3.7857142857142856,9.5,55.27,3.7,0
4.928571428571429,11.375,52.04,3.61,0
6.071428571428571,13.25,47.21,3.48,0
7.214285714285714,15.125,43.47,3.38,0
8.357142857142858,17.0,51.51,3.6,0
9.5,76.0,59.8,3.79,0
8.375,39.75,66.45,4.19,0
7.25,3.5,52.56,4.12,0
6.125,16.0,138.17000000000002,3.99,0
5.0,8.5,223.78,5.32,0
16.5,1.0,183.78,4.98,0
27.0,0.0,179.43,4.95,0
8.5,65.0,221.34,5.33,0
14.0,5.0,159.56,4.76,0
7.0,18.0,198.7,5.13,0
0.0,16.5,131.27,4.49,0
0.0,2.0,82.68,3.91,0
0.0,6.0,64.98,3.68,0
9.5,18.5,83.94,3.96,0
0.0,13.5,102.53,4.2,0
9.5,58.0,94.93,4.1,0
7.5,10.0,153.43,4.75,0
21.0,0.0,185.18,5.02,0
0.0,61.0,96.32,4.11,0
0.0,0.0,67.12,3.73,0
3.5,3.5,93.56,4.09,0
23.5,2.5,144.13,4.67,0
4.0,1.5,151.44,4.74,0
16.5,0.0,204.39,5.23,0
63.0,3.0,207.16,5.23,0
0.0,24.5,138.95,4.63,0
0.0,5.0,113.92,4.36,0
4.0,1.0,85.95,4.02,0
0.0,12.0,87.76,4.06,0
0.0,0.0,64.23,3.72,0
0.0,6.0,63.23,3.72,0
12.5,4.5,54.9,3.57,0
0.0,9.5,51.14,3.53,0
0.0,2.5,48.55,3.49,0
0.0,8.0,61.23,3.7,0
9.0,4.0,53.73,3.59,0
4.0,13.0,42.81,3.38,0
2.5,0.0,62.25,3.72,0
0.0,6.5,66.89,3.8,0
0.5,0.0,69.48,3.84,0
0.0,10.0,64.02,3.76,0
6.0,2.0,163.63,4.95,0
4.5,3.0,206.54,5.3,0
1.5,13.5,225.18,5.48,0
5.5,16.5,254.32,5.71,0
16.0,2.5,247.92,5.64,0
1.5,7.0,182.95,5.13,0
7.0,0.0,165.39,4.96,0
0.0,13.5,159.12,4.91,0
14.0,0.0,143.79,4.75,0
0.0,0.0,108.71,4.38,0
0.0,1.0,99.06,4.28,0
1.5,0.0,102.33,4.31,0
0.0,0.0,81.64,4.05,0
0.0,8.0,77.16,4.0,0
38.5,1.5,159.64,4.95,0
1.5,61.0,184.29,5.18,0
34.5,5.5,291.14,6.04,0
8.5,4.0,253.06,5.74,0
3.5,0.0,236.67,5.61,0
0.0,16.5,163.08,4.98,0
28.0,17.5,224.48,5.54,1
14.5,0.0,255.88,5.79,0
7.75,0.3333333333333333,199.67,5.32,0
1.0,0.6666666666666666,168.93,5.05,0
1.0,1.0,136.87,4.74,0
2.0,7.0,119.87,4.57,0
0.0,13.0,165.19,5.02,0
42.0,11.0,209.19,5.42,1
5.0,37.0,228.02,5.59,0
17.5,7.0,300.76,6.15,0
11.0,4.0,282.0,6.0,0
4.5,3.0,232.24,5.62,0
6.0,12.5,220.74,5.54,0
12.0,22.0,230.27,5.62,1
18.5,45.0,252.28,5.78,1
53.0,5.0,333.11,6.39,0
6.0,1.0,422.38,6.94,0
0.0,59.0,290.21,6.07,0
49.0,33.5,381.24,6.71,1
0.0,8.0,296.68,6.08,0
0.0,3.0,233.33,5.68,0
7.5,13.0,239.85,5.73,0
0.0,12.0,199.27,5.39,0
0.0,36.5,172.47,5.16,0
0.0,61.0,172.33,5.15,0
19.5,7.0,221.91,5.59,0
4.5,9.0,220.23,5.59,0
1.0,11.0,196.74,5.39,0
1.5,9.666666666666666,253.88,5.87,0
0.5,8.333333333333334,217.09,5.57,0
11.5,7.0,216.39,5.57,0
16.0,0.0,287.37,6.13,0
13.0,12.0,336.54,6.46,1
0.0,23.25,264.48,5.95,0
25.0,34.5,201.16,5.45,1
19.5,11.0,235.43,5.75,1
10.5,27.0,269.58,6.0,1
37.5,30.5,246.76,5.82,1
0.0,34.0,211.63,5.55,0
41.0,16.0,307.66,6.29,1
48.5,3.0,226.38,5.67,0
3.0,30.0,211.06,5.54,0
35.0,15.0,196.01,5.43,1
15.0,27.5,241.93,5.82,1
0.0,40.0,182.26,5.32,0
30.5,6.0,239.86,5.81,0
16.0,64.0,354.41,6.64,1
52.0,19.0,373.54,6.75,1
0.0,39.5,314.8,6.35,0
5.0,47.0,237.49,5.79,0
0.0,19.0,180.85,5.33,0
14.5,39.5,188.03,5.4,1
46.0,47.0,206.48,5.54,1
8.5,24.0,274.86,6.12,0
7.5,1.0,218.99,5.64,0
0.0,9.666666666666666,139.66,4.94,0
0.0,18.333333333333332,115.95,4.69,0
0.0,27.0,78.32,4.22,0
7.0,35.666666666666664,125.69,4.82,0
0.0,44.33333333333333,130.51,4.86,0
10.0,53.0,189.97,5.45,0
27.5,12.5,297.58,6.3,1
1.0,12.0,244.4,5.89,0
10.0,4.0,192.2,5.47,0
1.5,0.0,143.13,5.01,0
0.0,2.0,121.27,4.79,0
7.5,0.5,176.86,5.36,0
1.5,17.5,132.75,4.92,0
59.5,29.5,139.66,4.99,1
40.5,0.0,124.56,4.83,0
0.0,19.5,136.7,4.97,0
16.0,0.0,150.09,5.11,0
0.0,22.0,171.57,5.32,0
8.5,0.0,276.25,6.18,0
11.5,4.5,165.57,5.26,0
0.0,12.5,158.29,5.17,0
14.0,9.0,128.59,4.91,0
1.0,0.0,83.13,4.37,0
0.0,0.0,80.63,4.34,0
14.0,28.0,99.08,4.59,0
13.5,0.0,122.26,4.84,0
14.5,26.0,279.2,6.24,1
0.0,0.0,142.36,5.04,0
0.0,8.5,95.92,4.55,0
0.0,11.0,135.15,5.01,0
3.0,1.5,198.14,5.59,0
1.0,3.0,276.6,6.25,0
0.5,13.0,241.96,5.95,0
5.0,1.5,175.19,5.4,0
4.5,0.0,126.73,4.93,0
0.0,0.0,93.44,4.54,0
0.0,0.0,79.49,4.37,0
0.0,3.0,86.02,4.46,0
6.5,18.0,108.79,4.75,0
18.0,0.0,105.2,4.7,0
9.5,2.0,73.78,4.3,0
1.0,3.0,79.08,4.39,0
24.0,7.0,101.42,4.68,0
0.5,2.5,92.81,4.57,0
2.0,1.5,86.06,4.49,0
3.5,7.5,70.13,4.27,0
5.0,50.5,95.53,4.6,0
61.5,1.5,335.34,6.72,0
46.5,0.0,223.16,5.84,0
31.5,2.0,128.77,4.99,0
16.5,0.0,92.0,4.58,0
1.5,13.5,77.05,4.39,0
12.5,0.0,71.02,4.31,0
18.0,0.0,67.66,4.26,0
23.5,0.0,72.93,4.34,0
16.0,0.0,62.26,4.19,0
8.5,0.5,54.48,4.07,0
1.0,13.0,86.13,4.53,0
3.0,0.0,88.94,4.57,0
1.0,0.0,73.27,4.36,0
2.4,1.4,87.32,4.56,0
3.5,0.0,86.14,4.55,0
2.5,1.0,65.18,4.25,0
6.5,0.0,51.24,4.04,0
9.583333333333334,0.0,41.67,3.87,0
12.666666666666668,0.25,40.54,3.86,0
15.75,0.5,36.93,3.79,0
18.833333333333336,0.0,39.11,3.84,0
21.916666666666668,0.0,45.4,3.94,0
25.0,20.5,159.18,5.4,1
13.0,16.0,106.72,4.81,1
11.0,25.5,159.02,5.38,1
20.75,35.0,131.31,5.1,1
30.5,5.0,123.98,5.02,0
29.25,13.571428571428571,59.7,4.2,0
28.0,22.142857142857142,51.29,4.08,0
23.4,30.714285714285715,44.33,3.96,0
18.8,39.285714285714285,40.61,3.9,0
14.200000000000001,47.85714285714286,29.54,3.67,0
9.600000000000001,56.42857142857143,33.4,3.76,0
5.0,65.0,75.87,4.48,0
49.0,4.5,142.42,5.27,0
1.0,11.5,111.61,4.93,0
9.5,18.5,74.34,4.44,0
15.666666666666668,22.25,48.83,4.07,0
21.833333333333336,26.0,61.58,4.28,0
28.0,17.0,148.06,5.34,1
15.75,12.333333333333332,94.01,4.72,0
3.5,7.666666666666666,66.39,4.36,0
8.5,3.0,81.64,4.59,0
11.5,25.0,70.45,4.42,0
14.5,14.5,122.08,5.09,1
8.25,4.0,121.17,5.07,0
2.0,13.916666666666668,138.23,5.25,0
2.0416666666666665,23.833333333333336,79.12,4.56,0
2.0833333333333335,33.75,62.4,4.33,0
2.125,43.66666666666667,43.28,4.01,0
2.1666666666666665,53.583333333333336,39.16,3.94,0
2.2083333333333335,63.5,32.86,3.75,0
2.25,59.07142857142857,32.11,3.81,0
2.2916666666666665,54.64285714285714,28.25,3.72,0
2.3333333333333335,50.214285714285715,27.89,3.72,0
2.375,45.785714285714285,25.06,3.65,0
2.4166666666666665,41.35714285714286,21.8,3.57,0
2.4583333333333335,36.92857142857143,18.66,3.49,0
2.5,32.5,18.32,3.49,0
2.5416666666666665,28.07142857142857,17.35,3.46,0
2.583333333333333,23.64285714285714,15.73,3.42,0
2.625,19.214285714285715,20.21,3.55,0
2.6666666666666665,14.785714285714285,18.21,3.5,0
2.708333333333333,10.357142857142854,18.71,3.51,0
2.75,5.9285714285714235,16.18,3.44,0
2.7916666666666665,1.5,14.07,3.38,0
2.833333333333333,5.0,23.98,3.65,0
2.875,4.625,40.45,4.03,0
2.9166666666666665,4.25,28.72,3.78,0
2.958333333333333,3.875,38.56,3.97,0
3.0,3.5,38.57,3.98,0
4.5,4.142857142857142,39.16,4.0,0
6.071428571428571,4.785714285714286,24.99,3.69,0
7.642857142857142,5.428571428571429,20.21,3.57,0
9.214285714285714,6.071428571428571,16.71,3.47,0
10.785714285714285,6.7142857142857135,14.57,3.41,0
12.357142857142858,7.357142857142857,13.57,3.38,0
13.928571428571427,8.0,13.91,3.39,0
15.5,6.0,16.48,3.47,0
0.5,4.0,19.73,3.55,0
4.625,2.0,52.38,4.24,0
8.75,2.5,41.87,4.05,0
12.875,3.0,45.31,4.11,0
17.0,3.5,85.48,4.73,0
2.0,4.0,58.7,4.32,0
4.666666666666666,4.5,32.75,3.87,0
7.333333333333333,5.0,23.09,3.64,0
10.0,5.5,26.17,3.71,0
16.5,3.0,64.18,4.43,0
7.0,19.5,40.02,4.0,0
0.5,36.0,26.42,3.72,0
47.0,4.0,43.05,4.07,0
2.0,2.5,34.63,3.91,0
1.0,1.0,22.32,3.62,0
0.75,3.0,23.64,3.66,0
0.5,5.0,25.09,3.69,0
67.0,8.5,33.77,3.89,0
37.0,11.166666666666666,25.26,3.69,0
28.333333333333336,13.833333333333332,20.13,3.55,0
19.666666666666668,16.5,68.21,4.47,0
11.0,43.0,43.2,4.05,0
47.0,33.5,235.86,6.23,1
44.75,24.0,145.53,5.36,1
42.5,18.333333333333332,133.82,5.29,1
7.5,12.666666666666666,191.16,5.85,0
42.5,7.0,240.66,6.24,0
33.833333333333336,5.75,120.91,5.12,0
25.166666666666668,4.5,104.23,4.95,0
16.5,3.2500000000000004,204.82,5.97,0
14.0,2.0,149.39,5.4,0
2.0,4.0,113.11,5.06,0
15.5,10.0,83.57,4.69,0
29.0,8.25,157.53,5.54,0
1.5,6.5,99.72,4.89,0
6.5,8.0,85.71,4.72,0
11.5,1.0,95.11,4.84,0
1.0,28.0,111.79,5.02,0
52.5,65.0,218.45,6.07,1
5.0,4.0,144.42,5.39,0
3.5,8.5,139.64,5.35,0
3.0,3.5,134.06,5.29,0
4.333333333333333,5.5,113.24,5.05,0
5.666666666666666,7.5,72.54,4.54,0
7.0,28.0,94.87,4.84,0
24.5,6.0,184.67,5.79,0
4.0,4.0,124.71,5.17,0
7.7,2.0,93.15,4.82,0
11.4,2.0,77.51,4.62,0
15.100000000000001,2.0,66.13,4.45,0
18.8,16.0,98.38,4.9,0
22.5,8.75,76.86,4.6,0
14.25,1.5,57.27,4.31,0
6.0,3.75,45.93,4.13,0
10.5,6.0,41.27,4.04,0
15.0,3.0,63.04,4.42,0
1.5,14.000000000000002,72.7,4.55,0
22.5,25.0,66.96,4.46,0
9.0,8.0,97.37,4.88,0
23.5,13.5,102.22,4.93,1
14.0,31.0,122.08,5.16,1
20.0,29.0,203.99,5.96,1
29.0,10.0,194.53,5.86,0
11.5,27.0,232.37,6.19,1
27.0,36.5,294.68,6.65,1
9.5,46.0,318.96,6.82,0
0.5,25.0,268.4,6.45,0
38.5,4.0,297.17,6.66,0
0.5,15.5,256.82,6.37,0
40.5,52.0,251.59,6.33,1
73.0,1.5,203.8,5.92,0
1.5,2.25,135.84,5.3,0
2.5,3.0,114.23,5.07,0
3.5,3.75,98.41,4.88,0
4.5,4.5,97.36,4.87,0
37.25,40.0,131.23,5.25,1
70.0,1.5,302.81,6.72,0
1.0,8.0,256.95,6.37,0
24.0,1.0,257.01,6.37,0
15.75,16.0,227.71,6.14,1
7.5,2.0,285.72,6.59,0
6.0,1.0,280.61,6.54,0
13.5,5.0,201.36,5.9,0
23.0,4.5,150.74,5.45,0
4.5,4.0,122.03,5.16,0
12.0,2.75,123.38,5.18,0
4.0,1.5,91.11,4.79,0
5.75,4.25,100.62,4.92,0
7.5,7.0,112.36,5.06,0
37.5,51.5,129.62,5.24,1
34.5,36.5,173.96,5.68,1
31.5,28.875,200.52,5.92,1
21.666666666666664,21.25,141.58,5.35,1
11.833333333333332,13.625,112.41,5.05,1
2.0,6.0,134.64,5.3,0
47.0,26.0,168.64,5.63,1
0.5,11.0,167.67,5.62,0
16.0,12.125,163.89,5.56,1
12.75,13.25,97.42,4.79,0
9.5,14.375,61.61,4.36,0
6.25,15.5,49.67,4.16,0
3.0,1.5,99.75,4.88,0
1.5,1.8333333333333333,106.81,4.96,0
4.5,2.1666666666666665,104.05,4.96,0
7.5,2.5,106.11,4.98,0
10.5,8.0,189.06,5.83,0
13.5,16.25,151.04,5.45,1
13.75,24.5,118.77,5.12,1
14.0,6.5,210.96,6.03,0
5.0,0.0,184.73,5.76,0
13.0,12.0,76.9,4.57,0
21.0,9.0,168.06,5.64,0
20.09090909090909,6.0,114.68,5.07,0
19.181818181818183,3.0,90.5,4.79,0
18.272727272727273,0.0,72.73,4.55,0
17.363636363636363,0.0,60.38,4.36,0
16.454545454545453,0.0,57.51,4.32,0
15.545454545454547,0.0,49.63,4.19,0
14.636363636363637,0.0,40.69,4.03,0
13.727272727272727,1.3333333333333333,39.42,4.01,0
12.818181818181818,2.6666666666666665,35.42,3.93,0
11.90909090909091,4.0,38.58,3.99,0
11.0,3.25,45.06,4.12,0
9.75,2.5,41.16,4.04,0
8.5,1.75,35.95,3.93,0
7.25,1.0,36.99,3.96,0
6.0,1.2,39.06,4.0,0
4.750000000000001,1.4,39.0,4.0,0
3.500000000000001,1.6,32.44,4.19,0
2.25,1.7999999999999998,31.77,4.02,0
1.0,2.0,31.8,4.03,0
15.500000000000002,1.5,31.88,4.05,0
30.0,21.0,31.59,3.97,0
29.0,19.083333333333332,32.79,4.28,0
28.0,17.166666666666668,32.08,4.09,0
27.0,15.25,31.19,3.86,0
26.0,13.333333333333332,30.85,3.78,0
10.5,11.416666666666666,30.99,3.82,0
3.5,9.5,31.34,3.9,0
11.0,8.5,31.5,3.94,0
6.25,7.5,32.73,4.26,0
1.5,6.5,31.86,4.01,0
3.8333333333333335,5.5,31.94,4.04,0
6.166666666666667,4.5,33.1,4.34,0
8.5,14.0,32.69,4.23,0
7.5,13.0,33.05,4.32,0
7.875,12.0,31.76,3.98,0
8.25,11.0,31.28,3.87,0
8.625,10.0,32.19,4.1,0
9.0,12.5,34.65,4.75,0
13.0,6.75,34.77,4.77,0
7.0,1.0,33.53,4.43,0
1.0,2.0,33.47,4.42,0
0.5,1.5,32.87,4.26,0
1.0,1.0,31.94,4.02,0
1.7999999999999998,2.25,32.05,4.05,0
2.5999999999999996,3.5,32.4,4.14,0
3.4,4.75,31.97,4.02,0
4.199999999999999,6.0,31.89,4.0,0
5.0,1.0,33.37,4.39,0
3.0,1.0833333333333333,32.96,4.27,0
0.0,1.1666666666666667,32.21,4.08,0
2.0,1.25,31.99,4.02,0
2.5,1.3333333333333333,31.78,3.97,0
11.0,1.4166666666666665,31.4,3.87,0
11.5,1.5,31.28,3.84,0
9.625,13.0,32.18,4.07,0
7.75,17.0,35.5,5.0,0
5.875,2.5,35.11,4.83,0
4.0,6.0,33.83,4.5,0
8.5,2.0,34.67,4.74,0
1.5,8.5,34.21,4.6,0
9.5,4.0,35.27,4.91,0
5.0,2.0,34.61,4.72,0
1.5,1.0,34.99,4.83,0
4.4,3.5,34.37,4.66,0
7.3,6.0,33.4,4.4,0
10.200000000000001,8.5,32.9,4.27,0
13.1,11.0,32.97,4.3,0
16.0,1.0,36.07,5.16,0
1.0,5.0,34.52,4.71,0
0.5,9.0,35.52,4.99,0
7.5,13.0,34.37,4.67,0
14.5,22.0,37.72,5.66,0
15.0,14.5,37.57,5.57,0
6.5,17.5,37.39,5.54,0
51.0,3.0,39.92,6.31,0
4.5,38.0,40.23,6.41,0
27.0,7.5,40.27,6.41,0
8.0,20.0,39.98,6.33,0
11.5,4.5,38.47,5.85,0
1.5,2.0,36.92,5.41,0
3.0,25.5,36.19,5.2,0
4.5,30.0,39.08,6.08,0
4.666666666666667,21.333333333333336,41.69,6.89,0
4.833333333333333,12.666666666666668,40.01,6.34,0
5.0,4.0,37.56,5.6,0
4.833333333333333,4.8,37.62,5.63,0
4.666666666666667,5.6,37.33,5.55,0
4.5,6.4,35.95,5.15,0
4.333333333333333,7.199999999999999,34.82,4.84,0
4.166666666666667,8.0,34.32,4.71,0
4.0,10.5,36.7,5.39,0
23.5,42.0,36.08,5.2,0
17.0,35.5,38.95,6.07,0
23.5,10.5,39.34,6.16,0
9.5,2.0,38.5,5.91,0
8.666666666666666,3.0,37.06,5.48,0
7.833333333333333,4.0,35.74,5.11,0
7.0,3.0,35.45,5.04,0
6.25,5.2,34.48,4.76,0
5.5,7.4,33.51,4.51,0
4.75,9.600000000000001,33.17,4.43,0
4.0,11.8,34.07,4.67,0
25.25,14.0,35.52,5.07,0
46.5,22.5,34.6,4.81,0
35.375,19.583333333333332,34.98,4.93,0
24.25,16.666666666666664,36.24,5.28,0
13.125,13.75,35.29,5.01,0
2.0,10.833333333333332,35.87,5.18,0
0.5,7.916666666666666,34.89,4.9,0
29.25,5.0,35.31,5.05,0
58.0,1.0,36.41,5.33,0
3.0,2.5,35.37,5.05,0
2.25,4.0,35.0,4.94,0
1.5,5.0,34.14,4.71,0
0.75,6.0,34.0,4.68,0
0.0,3.0,37.27,5.61,0
10.5,1.0,36.07,5.24,0
21.0,17.0,36.39,5.35,0
2.0,33.0,35.3,5.04,0
23.0,19.0,36.91,5.51,0
3.5,5.0,36.01,5.24,0
53.5,38.0,36.43,5.37,0
38.833333333333336,9.0,36.76,5.47,0
24.166666666666668,12.0,35.79,5.19,0
9.5,3.0,38.37,5.96,0
24.5,2.5,37.67,5.73,0
12.75,2.0,35.26,5.04,0
1.0,29.0,34.88,4.95,0
35.5,35.0,39.05,6.19,0
7.0,41.0,36.65,5.43,0
7.7,47.0,34.6,4.87,0
8.4,53.0,34.49,4.85,0
9.1,59.0,35.31,5.09,0
9.8,1.0,37.69,5.77,0
10.5,0.6666666666666667,37.42,5.68,0
8.0,0.33333333333333337,35.41,5.11,0
5.5,0.0,35.3,5.09,0
2.5,1.0,34.41,4.84,0
10.5,0.0,35.01,5.02,0
1.0,9.0,35.26,5.07,0
11.5,7.4,37.13,5.62,0
12.3,5.800000000000001,35.96,5.27,0
13.1,4.2,34.04,4.75,0
13.9,2.6000000000000005,33.63,4.65,0
14.7,1.0,34.05,4.76,0
15.5,0.5,32.93,4.47,0
16.3,0.0,32.52,4.36,0
17.1,0.11764705882352941,32.33,4.32,0
17.9,0.23529411764705882,31.72,4.16,0
18.7,0.35294117647058826,31.45,4.1,0
19.5,0.47058823529411764,31.36,4.08,0
17.916666666666668,0.5882352941176471,30.85,3.96,0
16.333333333333332,0.7058823529411765,30.47,3.87,0
14.75,0.8235294117647058,30.33,3.83,0
13.166666666666666,0.9411764705882353,30.09,3.78,0
11.583333333333332,1.0588235294117647,30.01,3.77,0
10.0,1.1764705882352942,30.3,3.84,0
10.666666666666666,1.2941176470588236,29.93,3.75,0
11.333333333333334,1.411764705882353,29.95,3.76,0
12.0,1.5294117647058822,29.67,3.7,0
12.666666666666666,1.6470588235294117,29.58,3.68,0
13.333333333333332,1.7647058823529411,29.43,3.65,0
14.0,1.8823529411764706,29.15,3.58,0
14.666666666666666,2.0,29.76,3.73,0
15.333333333333332,3.333333333333333,31.82,4.24,0
16.0,4.666666666666666,30.98,4.02,0
17.774193548387096,6.0,30.59,3.93,0
19.548387096774192,5.84375,33.16,4.59,0
21.32258064516129,5.6875,35.71,5.29,0
23.096774193548388,5.53125,33.57,4.69,0
24.870967741935484,5.375,34.78,5.03,0
26.64516129032258,5.21875,33.41,4.65,0
28.41935483870968,5.0625,37.94,5.96,0
30.193548387096776,4.90625,35.31,5.16,0
31.967741935483872,4.75,32.77,4.49,0
33.74193548387097,4.59375,31.35,4.13,0
35.516129032258064,4.4375,30.77,3.99,0
37.29032258064516,4.28125,30.21,3.87,0
39.064516129032256,4.125,30.93,4.05,0
40.83870967741936,3.96875,31.51,4.18,0
42.61290322580645,3.8125,30.63,3.97,0
44.38709677419355,3.65625,31.37,4.16,0
46.16129032258064,3.5,30.32,3.9,0
47.935483870967744,3.3437500000000004,29.97,3.82,0
49.70967741935484,3.1875000000000004,29.5,3.71,0
51.483870967741936,3.0312500000000004,29.31,3.66,0
53.25806451612903,2.8750000000000004,29.28,3.66,0
55.03225806451613,2.7187500000000004,29.36,3.68,0
56.806451612903224,2.5625000000000004,29.43,3.69,0
58.58064516129032,2.4062500000000004,29.41,3.69,0
60.354838709677416,2.2500000000000004,29.69,3.75,0
62.12903225806451,2.0937500000000004,29.63,3.74,0
63.903225806451616,1.9375,29.5,3.71,0
65.67741935483872,1.78125,29.7,3.75,0
67.45161290322581,1.625,28.15,3.39,0
69.2258064516129,1.46875,31.27,4.15,0
71.0,1.3125,31.1,4.09,0
6.0,1.15625,33.31,4.66,0
5.636363636363637,1.0,31.05,4.07,0
5.2727272727272725,0.875,30.14,3.86,0
4.909090909090909,0.75,29.69,3.75,0
4.545454545454546,0.625,29.43,3.69,0
4.181818181818182,0.5,29.21,3.64,0
3.8181818181818183,0.375,28.82,3.55,0
3.4545454545454546,0.25,28.65,3.51,0
3.0909090909090913,0.125,28.49,3.48,0
2.7272727272727275,0.0,28.54,3.49,0
2.3636363636363638,0.0,28.85,3.56,0
2.0,0.0,28.79,3.54,0
4.142857142857142,0.0,28.4,3.45,0
6.285714285714286,0.0,28.23,3.42,0
8.428571428571429,0.0,28.31,3.43,0
10.571428571428571,0.0,28.17,3.4,0
12.714285714285715,0.0,28.06,3.38,0
14.857142857142858,0.0,28.03,3.37,0
17.0,9.0,28.52,3.49,0
11.0,21.5,31.38,4.19,0
51.5,11.5,32.91,4.55,0
48.0,1.5,30.59,3.97,0
44.5,34.75,29.39,3.69,0
41.0,68.0,29.54,3.71,0
32.5,63.142857142857146,28.75,3.53,0
26.3,58.285714285714285,28.17,3.4,0
20.1,53.42857142857143,28.06,3.38,0
13.899999999999999,48.57142857142857,28.18,3.4,0
7.699999999999999,43.714285714285715,28.24,3.42,0
1.5,38.85714285714286,29.48,3.72,0
2.25,34.0,28.14,3.39,0
3.0,29.142857142857146,27.98,3.36,0
3.75,24.285714285714285,27.63,3.28,0
4.5,19.42857142857143,27.58,3.27,0
5.25,14.57142857142857,27.66,3.29,0
6.0,9.714285714285715,27.57,3.27,0
6.75,4.857142857142854,27.58,3.27,0
7.5,0.0,27.63,3.28,0
8.25,27.5,28.41,3.47,0
9.0,1.5,29.03,3.59,0
2.5,1.0,28.46,3.47,0
3.4473684210526314,1.1578947368421053,28.21,3.41,0
4.394736842105263,1.3157894736842106,28.07,3.38,0
5.342105263157895,1.4736842105263157,27.63,3.28,0
6.289473684210526,1.631578947368421,27.6,3.28,0
7.2368421052631575,1.7894736842105263,27.52,3.26,0
8.18421052631579,1.9473684210526314,27.4,3.23,0
9.131578947368421,2.1052631578947367,27.32,3.21,0
10.078947368421051,2.263157894736842,27.27,3.2,0
11.026315789473683,2.4210526315789473,27.4,3.23,0
11.973684210526315,2.5789473684210527,27.21,3.19,0
12.921052631578947,2.7368421052631575,27.25,3.2,0
13.868421052631579,2.894736842105263,27.17,3.18,0
14.81578947368421,3.052631578947368,27.07,3.16,0
15.76315789473684,3.2105263157894735,27.05,3.16,0
16.710526315789473,3.3684210526315788,27.07,3.16,0
17.657894736842103,3.526315789473684,26.98,3.14,0
18.605263157894736,3.6842105263157894,26.85,3.11,0
19.552631578947366,3.8421052631578947,26.68,3.08,0
20.5,4.0,27.04,3.16,0
1.5,3.6363636363636362,27.46,3.25,0
1.5227272727272727,3.272727272727273,27.26,3.2,0
1.5454545454545454,2.909090909090909,26.99,3.14,0
1.5681818181818181,2.545454545454546,27.0,3.14,0
1.5909090909090908,2.1818181818181817,27.02,3.15,0
1.6136363636363635,1.8181818181818183,27.03,3.15,0
1.6363636363636362,1.4545454545454546,27.09,3.17,0
1.6590909090909092,1.0909090909090913,27.15,3.18,0
1.6818181818181819,0.7272727272727275,27.02,3.15,0
1.7045454545454546,0.36363636363636376,27.0,3.14,0
1.7272727272727273,0.0,26.99,3.14,0
1.75,0.13636363636363635,26.64,3.06,0
1.7727272727272727,0.2727272727272727,26.8,3.1,0
1.7954545454545454,0.40909090909090906,26.76,3.09,0
1.8181818181818181,0.5454545454545454,26.91,3.12,0
1.8409090909090908,0.6818181818181818,26.92,3.13,0
1.8636363636363635,0.8181818181818181,26.9,3.12,0
1.8863636363636362,0.9545454545454545,26.87,3.11,0
1.9090909090909092,1.0909090909090908,26.76,3.09,0
1.9318181818181817,1.2272727272727273,26.71,3.09,0
1.9545454545454546,1.3636363636363635,26.59,3.06,0
1.9772727272727273,1.5,26.69,3.08,0
2.0,2.25,27.18,3.18,0
2.1,3.0,26.97,3.14,0
2.2,3.75,26.79,3.1,0
2.3,4.5,26.91,3.13,0
2.4,5.25,27.36,3.23,0
2.5,6.0,27.54,3.26,0
16.5,15.0,29.03,3.61,0
21.5,1.0,29.46,3.7,0
3.0,27.0,30.41,3.96,0
2.0,7.0,36.36,5.51,0
1.0,13.25,32.49,4.43,0
0.0,19.5,30.49,3.94,0
27.0,0.0,31.49,4.19,0
0.0,10.3,29.48,3.7,0
8.7,20.6,28.47,3.47,0
17.4,30.900000000000002,28.23,3.41,0
26.099999999999998,41.2,27.98,3.36,0
34.8,51.5,30.34,3.92,0
43.5,25.75,31.83,4.3,0
0.0,0.0,33.64,4.73,0
16.75,23.0,31.75,4.25,0
33.5,12.5,31.6,4.21,0
0.0,2.0,29.88,3.79,0
2.5,6.666666666666667,29.5,3.71,0
5.333333333333334,11.333333333333334,28.62,3.5,0
8.166666666666668,16.0,29.0,3.6,0
11.0,14.5,32.7,4.52,0
2.0,13.0,31.1,4.09,0
21.0,21.0,33.47,4.7,0
13.5,27.5,33.61,4.73,0
10.75,34.0,33.99,4.84,0
8.0,19.0,31.95,4.29,0
13.5,4.0,30.63,3.97,0
19.0,4.5,30.65,3.98,0
5.5,18.0,31.8,4.27,0
10.5,1.5,36.17,5.46,0
0.0,18.0,34.17,4.88,0
15.5,11.5,35.42,5.23,0
1.0,5.0,32.94,4.55,0
3.6666666666666665,7.0,31.9,4.28,0
6.333333333333333,9.0,30.53,3.94,0
9.0,11.0,29.81,3.78,0
11.666666666666666,13.0,29.1,3.61,0
14.333333333333332,25.0,28.88,3.56,0
17.0,0.0,30.23,3.89,0
8.5,30.0,30.72,4.0,0
0.0,25.0,33.38,4.68,0
28.0,13.5,36.34,5.5,0
9.5,35.0,37.48,5.81,0
27.0,13.0,38.84,6.24,0
26.0,1.5,39.51,6.42,0
0.0,27.0,37.4,5.78,0
32.0,28.0,38.44,6.1,0
88.0,21.0,39.59,6.46,0
32.5,31.0,39.05,6.28,0
23.0,1.5,40.0,6.58,0
0.0,95.0,39.82,6.54,0
69.5,18.5,39.92,6.55,0
9.5,16.25,40.07,6.59,0
0.0,14.0,38.21,6.03,0
28.5,0.0,38.34,6.07,0
9.0,91.0,38.41,6.09,0
2.0,2.5,40.5,6.75,0
92.0,3.0,39.47,6.4,0
2.5,6.166666666666667,38.06,5.98,0
1.25,9.333333333333334,36.05,5.39,0
0.0,12.5,34.35,4.92,0
16.5,36.0,35.04,5.13,0
39.5,0.0,39.61,6.49,0
29.833333333333332,0.0,36.69,5.56,0
20.166666666666664,10.0,34.73,5.03,0
10.5,1.0,34.26,5.06,0
13.0,5.0,33.79,4.77,0
15.5,9.0,32.56,4.45,0
18.0,13.0,32.14,4.0,0
20.5,8.25,32.44,4.43,0
10.25,3.5,31.87,4.28,0
0.0,4.5,33.17,4.63,0
6.0,17.5,35.97,5.39,0
13.5,3.0,36.68,5.0,0
2.5,0.0,34.68,5.01,0
0.0,12.0,33.12,4.6,0
11.5,48.5,32.95,4.56,0
24.0,23.0,33.66,4.75,0
21.5,38.5,34.61,5.0,0
0.0,54.0,34.18,4.9,0
35.5,10.0,40.08,6.64,0
9.5,26.0,39.28,6.35,0
18.5,2.0,38.71,6.18,0
2.5,1.0,37.04,5.0,0
0.0,8.5,35.83,5.34,0
11.0,7.85,35.39,5.21,0
10.166666666666666,7.2,33.73,4.76,0
9.333333333333334,6.55,32.75,4.5,0
8.5,5.9,31.96,4.0,0
7.666666666666666,5.25,31.49,4.19,0
6.833333333333333,4.6,31.13,4.1,0
6.0,3.95,30.95,4.05,0
5.166666666666667,3.3,30.82,4.02,0
4.333333333333333,2.6500000000000004,30.44,3.0,0
3.5,2.0,31.723333333333333,3.47,0
2.666666666666666,0.0,33.00666666666667,3.94,0
1.833333333333334,1.0,34.29,4.41,0
1.0,24.0,34.23,4.41,0
13.5,30.5,56.73,5.24,0
44.5,3.0,58.83,5.23,0
10.5,23.0,69.52,5.6,0
24.0,1.0,58.2,5.27,0
21.3,1.0,38.53,4.57,0
18.6,1.0,36.94,4.52,0
15.9,5.5,36.27,4.49,0
13.200000000000001,10.0,37.63,4.54,0
10.5,2.5,50.82,5.03,0
0.0,1.25,35.95,4.47,0
0.0,0.0,30.12,4.23,0
0.0,5.0,29.06,4.18,0
8.0,0.0,28.87,4.18,0
1.0,0.3333333333333333,26.55,4.07,0
0.75,0.6666666666666666,25.98,4.05,0
0.5,1.0,24.73,3.98,0
0.25,1.0,24.82,3.99,0
0.0,1.0,24.11,3.96,0
0.0,1.5,24.05,3.95,0
1.0,1.25,25.29,4.01,0
0.0,1.0,25.32,4.01,0
0.0,0.0,24.99,4.0,0
0.0,1.5,25.97,4.04,0
0.0,2.0,25.54,4.02,0
3.0,1.6666666666666667,25.77,4.03,0
0.0,1.3333333333333335,22.56,3.87,0
0.0,1.0,11.18,3.17,0
1.5,2.5,20.29,3.76,0
3.0,2.0,21.56,3.81,0
3.0,1.0,26.2,4.05,0
2.0,1.5,24.16,3.95,0
1.0,2.0,23.84,3.94,0
0.0,1.0,25.31,4.01,0
0.0,6.0,29.37,4.2,0
11.0,15.0,44.17,4.8,0
20.0,2.0,52.67,5.09,0
2.5,3.0,42.37,4.73,0
14.75,2.5,39.1,4.61,0
27.0,1.6666666666666665,38.78,4.59,0
0.0,0.8333333333333333,32.79,4.34,0
1.8333333333333333,0.0,29.5,4.2,0
3.6666666666666665,0.0,28.91,4.18,0
5.5,1.0,28.55,4.16,0
12.5,0.0,31.76,4.31,0
8.333333333333334,12.5,42.76,4.74,0
4.166666666666668,19.333333333333332,29.5,4.2,0
0.0,26.166666666666664,26.92,4.09,0
0.0,33.0,34.69,4.43,0
42.0,4.5,61.75,5.4,0
3.5,11.0,62.66,5.41,0
0.0,76.0,74.91,5.78,0
1.0,4.0,124.86,7.03,0
2.0,14.5,121.72,6.94,0
3.0,34.5,117.99,6.86,0
16.5,0.0,118.3,6.87,0
30.0,4.5,104.13,6.53,0
19.0,6.0,93.28,6.26,0
0.0,6.0,89.04,6.16,0
19.0,24.0,89.04,6.16,0
11.5,44.0,90.16,6.19,0
22.666666666666664,35.0,115.12,6.79,1
33.83333333333333,3.0,117.02,6.84,0
45.0,46.0,96.78,6.33,0
2.5,89.0,69.79,5.61,0
62.5,35.0,95.05,6.31,0
46.875,7.0,130.2,7.14,0
31.25,2.0,109.05,6.64,0
15.625,1.0,100.34,6.44,0
0.0,4.0,96.68,6.36,0
13.0,3.875,99.85,6.43,0
6.5,3.75,80.6,5.93,0
0.0,3.625,65.09,5.48,0
3.0,3.5,58.78,5.29,0
0.0,31.0,73.07,5.74,0
28.0,22.0,77.72,5.85,0
23.333333333333332,13.0,67.81,5.57,0
18.666666666666664,11.8,75.33,5.79,0
14.0,10.6,66.64,5.53,0
9.333333333333332,9.4,49.54,4.98,0
4.666666666666664,8.2,44.25,4.8,0
0.0,7.0,54.68,5.17,0
9.0,5.0,59.55,5.31,0
6.75,3.0,79.19,5.85,0
4.5,1.0,46.15,4.87,0
0.0,1.0,44.32,4.8,0
0.9166666666666666,1.0,38.41,4.58,0
1.8333333333333333,1.0,37.69,4.55,0
2.75,1.0,43.71,4.78,0
3.6666666666666665,4.25,36.87,4.51,0
4.583333333333333,7.5,35.06,4.44,0
5.5,40.0,57.79,5.25,0
60.5,25.5,61.72,5.36,0
35.5,11.0,45.17,4.83,0
10.5,18.0,59.5,5.32,0
16.5,25.0,48.37,4.93,0
22.5,17.5,84.26,6.04,0
18.0,10.0,52.25,5.06,0
13.5,10.333333333333334,54.39,5.15,0
13.166666666666666,10.666666666666666,40.12,4.64,0
12.833333333333334,11.0,34.34,4.41,0
12.5,11.333333333333334,33.21,4.37,0
12.166666666666666,11.666666666666666,36.66,4.51,0
11.833333333333334,12.0,35.17,4.44,0
11.5,6.5,38.37,4.57,0
4.5,9.0,66.99,5.55,0
14.5,8.0,46.2,4.86,0
2.5,4.0,51.8,5.06,0
6.0,15.0,80.84,5.92,0
13.0,27.0,81.97,5.97,0
13.5,28.0,65.57,5.49,0
25.5,29.0,61.36,5.38,0
0.0,28.0,47.31,4.9,0
10.75,27.0,42.98,4.75,0
21.5,26.0,60.94,5.37,0
0.0,13.5,47.82,4.92,0
1.5,11.5,39.76,4.62,0
3.0,9.5,40.9,4.67,0
2.8333333333333335,7.5,32.34,4.33,0
2.6666666666666665,5.5,28.87,4.17,0
2.5,5.333333333333333,26.92,4.09,0
7.0,5.166666666666667,26.28,4.06,0
11.5,5.0,28.05,4.14,0
16.0,10.875,28.24,4.15,0
23.25,16.75,24.83,3.99,0
30.5,22.625,23.65,3.93,0
37.75,28.5,26.82,4.08,0
45.0,26.0,33.93,4.39,0
35.0,23.5,26.17,4.05,0
25.0,21.0,23.82,3.94,0
15.000000000000004,18.5,22.86,3.89,0
5.0,15.0,28.36,4.14,0
5.0,11.5,22.57,3.85,0
5.0,8.0,20.15,3.75,0
5.0,4.5,21.71,3.83,0
5.0,1.0,21.03,3.8,0
5.0,1.25,19.59,3.69,0
3.5,1.5,26.84,4.1,0
16.5,14.5,27.66,4.12,0
1.5,4.0,37.21,4.54,0
4.5,3.0,40.85,4.66,0
7.5,4.0,32.77,4.35,0
3.0,1.0,36.76,4.51,0
2.4,1.0666666666666667,32.59,4.34,0
1.8,1.1333333333333333,32.45,4.33,0
1.2,1.2,27.86,4.13,0
0.6000000000000001,1.2666666666666666,23.9,3.94,0
0.0,1.3333333333333333,21.49,3.81,0
0.0,1.4,21.68,3.83,0
0.0,1.4666666666666668,21.53,3.82,0
0.0,1.5333333333333332,20.24,3.75,0
0.0,1.6,19.62,3.72,0
0.0,1.6666666666666665,20.83,3.79,0
0.0,1.7333333333333334,21.77,3.83,0
0.0,1.7999999999999998,20.74,3.78,0
0.0,1.8666666666666667,20.23,3.76,0
0.0,1.9333333333333333,19.54,3.71,0
0.0,2.0,19.6,3.72,0
0.0,1.875,18.67,3.67,0
0.0,1.75,17.98,3.63,0
0.0,1.625,17.87,3.62,0
0.0,1.5,17.58,3.6,0
0.0,1.375,17.28,3.59,0
0.0,1.25,16.5,3.54,0
0.0,1.125,18.06,3.63,0
0.0,1.0,21.33,3.81,0
0.0,1.5,19.09,3.69,0
0.0,2.0,19.38,3.71,0
0.0,2.5,17.32,3.58,0
0.0,3.0,16.33,3.53,0
0.0,3.5,16.13,3.52,0
0.0,4.0,16.57,3.55,0
0.0,4.5,16.92,3.57,0
0.0,5.0,16.95,3.57,0
0.0,5.5,18.28,3.65,0
0.0,6.0,25.13,4.0,0
22.0,16.0,34.84,4.43,0
20.272727272727273,12.375,23.17,3.9,0
18.545454545454547,8.75,19.94,3.73,0
16.81818181818182,5.125,17.83,3.62,0
15.09090909090909,1.5,17.36,3.59,0
13.363636363636363,1.2857142857142858,16.78,3.56,0
11.636363636363637,1.0714285714285714,17.24,3.59,0
9.909090909090908,0.8571428571428571,15.73,3.49,0
8.181818181818182,0.6428571428571429,15.75,3.49,0
6.454545454545453,0.4285714285714286,14.87,3.44,0
4.727272727272727,0.2142857142857142,14.43,3.41,0
3.0,0.0,14.62,3.43,0
2.9642857142857144,0.0,15.46,3.48,0
2.9285714285714284,0.0,15.02,3.45,0
2.892857142857143,0.0,14.98,3.45,0
2.857142857142857,0.0,14.3,3.4,0
2.8214285714285716,0.0,13.53,3.36,0
2.7857142857142856,0.0,13.81,3.37,0
2.75,0.0,13.98,3.38,0
2.7142857142857144,0.0,14.17,3.39,0
2.678571428571429,0.0,14.39,3.41,0
2.642857142857143,0.0,14.0,3.38,0
2.607142857142857,0.0,13.71,3.37,0
2.5714285714285716,0.0,14.37,3.41,0
2.5357142857142856,0.0,13.28,3.34,0
2.5,26.0,14.73,3.43,0
37.0,25.0,15.14,3.45,0
36.75,24.0,14.55,3.42,0
36.5,23.0,14.52,3.42,0
36.25,22.0,13.26,3.33,0
36.0,21.0,12.96,3.32,0
35.75,20.0,12.48,3.28,0
35.5,19.0,12.53,3.29,0
35.25,18.0,12.5,3.28,0
35.0,17.0,12.7,3.3,0
34.75,16.0,13.84,3.37,0
34.5,15.0,15.13,3.45,0
32.041666666666664,14.0,13.44,3.35,0
29.583333333333332,13.0,12.9,3.31,0
27.125,12.0,12.82,3.31,0
24.666666666666664,11.0,12.92,3.31,0
22.208333333333332,10.0,11.93,3.25,0
19.75,9.0,12.46,3.28,0
17.291666666666668,8.0,13.01,3.32,0
14.833333333333332,7.0,13.86,3.37,0
12.375,6.0,13.47,3.35,0
9.916666666666664,5.0,13.13,3.33,0
7.458333333333332,4.0,13.34,3.34,0
5.0,3.0,12.97,3.32,0
5.142857142857143,2.0,12.18,3.26,0
5.285714285714286,1.0,11.79,3.24,0
5.428571428571429,0.0,11.58,3.22,0
5.571428571428571,0.16666666666666666,12.61,3.3,0
5.714285714285714,0.3333333333333333,13.37,3.34,0
5.857142857142857,0.49999999999999994,12.79,3.3,0
6.0,0.6666666666666666,12.01,3.25,0
6.142857142857142,0.8333333333333333,12.21,3.27,0
6.285714285714286,1.0,12.32,3.27,0
6.428571428571429,1.3666666666666667,12.36,3.27,0
6.571428571428571,1.7333333333333334,12.29,3.27,0
6.714285714285714,2.0999999999999996,11.75,3.23,0
6.857142857142857,2.466666666666667,12.16,3.27,0
7.0,2.833333333333333,13.93,3.38,0
7.411764705882353,3.1999999999999997,14.29,3.4,0
7.823529411764706,3.5666666666666664,14.59,3.42,0
8.235294117647058,3.933333333333333,15.2,3.46,0
8.647058823529411,4.3,16.53,3.54,0
9.058823529411764,4.666666666666666,14.84,3.43,0
9.470588235294118,5.033333333333333,17.67,3.61,0
9.882352941176471,5.3999999999999995,15.19,3.46,0
10.294117647058824,5.766666666666667,13.91,3.38,0
10.705882352941178,6.133333333333333,13.47,3.35,0
11.117647058823529,6.5,13.33,3.34,0
11.529411764705882,6.866666666666666,12.82,3.3,0
11.941176470588236,7.2333333333333325,12.72,3.3,0
12.352941176470589,7.6,12.25,3.27,0
12.764705882352942,7.966666666666666,12.04,3.25,0
13.176470588235293,8.333333333333332,11.86,3.24,0
13.588235294117649,8.7,11.3,3.2,0
14.0,9.066666666666666,10.76,3.16,0
14.411764705882353,9.433333333333332,10.75,3.16,0
14.823529411764707,9.799999999999999,10.74,3.16,0
15.23529411764706,10.166666666666666,10.37,3.13,0
15.647058823529411,10.533333333333333,10.79,3.16,0
16.058823529411764,10.899999999999999,10.83,3.17,0
16.470588235294116,11.266666666666666,11.55,3.22,0
16.88235294117647,11.633333333333333,12.79,3.3,0
17.294117647058826,12.0,15.86,3.51,0
17.705882352941178,12.61111111111111,14.93,3.44,0
18.11764705882353,13.222222222222221,12.73,3.3,0
18.529411764705884,13.833333333333334,11.93,3.25,0
18.941176470588236,14.444444444444445,11.92,3.25,0
19.352941176470587,15.055555555555555,13.87,3.38,0
19.764705882352942,15.666666666666668,12.01,3.25,0
20.176470588235297,16.27777777777778,11.23,3.19,0
20.588235294117645,16.88888888888889,11.14,3.19,0
21.0,17.5,11.22,3.19,0
19.846153846153847,16.833333333333332,11.26,3.2,0
18.692307692307693,16.166666666666668,12.11,3.26,0
17.53846153846154,15.5,13.05,3.32,0
16.384615384615387,14.833333333333334,11.63,3.22,0
15.23076923076923,14.166666666666668,10.78,3.16,0
14.076923076923077,13.5,10.67,3.16,0
12.923076923076923,12.833333333333334,10.13,3.11,0
11.76923076923077,12.166666666666668,10.31,3.13,0
10.615384615384615,11.5,10.55,3.15,0
9.461538461538462,10.833333333333334,10.48,3.14,0
8.307692307692308,10.166666666666668,10.08,3.11,0
7.153846153846155,9.5,10.06,3.11,0
6.0,0.0,11.34,3.2,0
4.0,0.0,10.31,3.13,0
2.0,0.0,11.2,3.19,0
0.0,3.166666666666667,11.74,3.24,0
2.5,6.333333333333334,12.58,3.29,0
9.5,9.5,17.53,3.6,0
0.0,7.8,13.56,3.35,0
0.0,6.1,12.61,3.29,0
0.0,4.4,11.91,3.25,0
0.0,2.7,13.1,3.33,0
0.0,1.0,16.96,3.57,0
3.0,0.0,14.58,3.42,0
0.0,5.500000000000001,13.78,3.37,0
0.0,11.000000000000002,14.91,3.44,0
15.75,16.5,17.82,3.59,0
31.5,67.5,53.66,5.13,0
124.0,15.5,56.34,5.21,0
3.0,12.5,55.6,5.18,0
15.750000000000002,7.0,54.25,5.15,0
28.5,0.0,33.06,4.34,0
3.0,3.25,22.74,3.88,0
0.0,6.5,20.84,3.78,0
10.0,6.0,18.0,3.62,0
8.0,24.25,20.63,3.78,0
0.0,42.5,24.69,3.96,0
73.5,62.0,74.33,5.78,0
47.0,56.0,85.44,6.08,0
72.0,32.0,76.12,5.79,0
35.0,63.0,83.61,6.02,0
92.0,33.0,101.21,6.46,1
7.5,3.0,75.04,5.75,0
2.0,2.75,60.22,5.32,0
0.0,2.5,42.96,4.75,0
0.0,7.6000000000000005,41.21,4.68,0
8.3,12.700000000000001,30.95,4.26,0
16.6,17.8,23.63,3.92,0
24.900000000000002,22.900000000000002,21.06,3.8,0
33.2,28.0,21.9,3.84,0
41.5,6.0,43.01,4.77,0
3.0,12.0,42.71,4.74,0
12.0,18.0,35.7,4.45,0
21.0,19.5,28.33,4.14,0
11.5,17.5,38.39,4.59,0
20.0,1.0,60.34,5.35,0
0.0,17.5,42.37,4.67,0
61.0,16.0,43.57,4.69,0
7.5,38.0,35.91,3.83,0
107.0,10.5,79.92,5.91,0
0.0,6.25,77.22,5.85,0
4.0,2.0,87.63,6.03,0
0.0,4.5,46.98,4.9,0
17.0,8.0,63.4,5.45,0
20.0,12.0,64.75,5.47,0
30.0,7.0,50.84,5.03,0
2.0,0.0,52.85,5.11,0
3.0,1.5,47.22,4.9,0
0.0,6.75,32.61,4.29,0
1.5,12.0,31.71,4.31,0
23.0,24.5,52.89,5.1,0
55.5,1.0,43.95,4.76,0
59.75,20.5,34.81,4.43,0
64.0,50.5,39.62,4.62,0
43.0,1.0,62.25,5.41,0
0.0,1.5555555555555554,82.7,6.0,0
0.0,2.1111111111111107,66.28,5.5,0
0.0,2.6666666666666665,42.26,4.71,0
0.0,3.222222222222222,34.19,4.4,0
0.0,3.7777777777777777,33.08,4.36,0
0.0,4.333333333333333,34.99,4.44,0
1.8333333333333333,4.888888888888889,29.02,4.18,0
3.6666666666666665,5.444444444444444,26.62,4.07,0
5.5,6.0,30.49,4.25,0
8.75,34.0,30.74,4.26,0
12.0,11.0,43.13,4.77,0
16.0,0.0,38.28,4.57,0
3.5,0.0,42.16,4.73,0
3.1666666666666665,2.5,45.45,4.84,0
2.8333333333333335,5.0,34.53,4.41,0
2.5,7.499999999999999,28.19,4.14,0
2.166666666666667,10.0,22.52,4.02,0
1.8333333333333335,12.499999999999998,20.39,3.91,0
1.5,15.0,20.82,3.94,0
19.75,22.666666666666668,17.22,3.73,0
38.0,30.333333333333336,16.09,3.68,0
56.25,38.0,17.52,3.77,0
74.5,29.5,24.44,4.13,0
38.0,1.5,32.8,4.51,0
21.0,4.0,31.41,4.46,0
4.0,24.5,44.73,5.0,0
52.0,22.5,38.04,4.72,0
51.0,23.0,46.64,5.07,0
60.5,50.0,52.69,5.27,0
30.25,4.5,103.74,6.73,0
0.0,5.666666666666667,63.3,5.59,0
0.0,6.833333333333334,48.42,5.12,0
37.0,8.0,33.78,4.57,0
74.0,4.0,35.02,4.64,0
37.0,4.5,35.62,4.65,0
0.0,5.0,28.87,4.37,0
11.0,11.0,32.2,4.53,0
26.5,10.0,36.95,4.72,0
18.5,7.0,33.53,4.58,0
0.0,4.0,29.08,4.39,0
0.0,3.0,30.5,4.46,0
0.0,2.0,25.32,4.22,0
0.0,1.0,23.34,4.13,0
0.0,0.0,21.0,4.01,0
0.0,0.0,19.69,3.94,0
0.0,0.0,20.49,3.99,0
0.0,8.0,17.93,3.84,0
2.5,8.5,22.64,4.11,0
11.0,13.0,38.41,4.81,0
25.0,6.5,42.87,4.99,0
33.5,16.5,51.08,5.28,0
35.5,0.0,54.62,5.4,0
18.25,1.0,46.24,5.11,0
1.0,1.5,39.13,4.85,0
0.0,2.0,41.52,4.94,0
0.0,8.0,57.49,5.5,0
13.0,5.25,72.7,5.98,0
2.5,2.5,74.4,6.02,0
0.0,28.0,76.84,6.09,0
12.5,17.25,67.61,5.8,0
0.0,6.5,48.15,5.19,0
32.5,13.5,56.47,5.49,0
28.5,1.0,63.78,5.71,0
0.0,15.0,65.59,5.78,0
18.5,9.5,70.92,5.93,0
37.0,8.0,55.95,5.46,0
18.5,24.5,59.14,5.58,0
38.25,41.0,55.02,5.45,0
58.0,68.5,84.5,6.33,0
9.0,18.5,88.64,6.43,0
6.0,9.0,106.92,6.89,0
3.0,0.0,88.97,6.43,0
0.0,1.5,70.44,5.92,0
6.166666666666667,14.5,46.77,5.17,0
12.333333333333334,27.5,40.69,4.96,0
18.5,33.0,71.46,5.98,0
7.5,13.5,75.76,6.08,0
20.0,1.5,84.3,6.35,0
25.0,7.5,61.06,5.65,0
30.0,13.5,53.44,5.42,0
35.0,34.0,94.58,6.63,0
30.0,17.5,118.92,7.2,1
25.0,1.0,95.76,6.63,0
20.0,16.0,75.84,6.11,0
15.0,15.666666666666666,64.7,5.79,0
17.166666666666668,15.333333333333334,50.57,5.34,0
19.333333333333332,15.0,50.93,5.36,0
21.5,14.666666666666666,45.49,5.17,0
23.666666666666664,14.333333333333334,39.26,4.94,0
25.833333333333332,14.0,37.56,4.88,0
28.0,13.666666666666668,36.51,4.83,0
5.5,13.333333333333334,33.88,4.73,0
0.0,13.0,31.19,4.62,0
10.25,25.5,41.37,5.01,0
20.5,21.75,52.42,5.4,0
17.0,18.0,39.66,4.97,0
13.5,14.25,34.72,4.78,0
10.0,10.5,30.72,4.61,0
6.5,6.75,27.16,4.45,0
3.0,3.0,26.0,4.4,0
0.0,18.0,30.96,4.63,0
44.0,19.0,66.47,5.91,0
7.0,2.5,79.91,6.29,0
43.0,14.0,68.9,5.96,0
6.5,18.25,80.07,6.3,0
23.5,22.5,62.06,5.75,0
60.0,16.5,61.06,5.74,0
46.0,10.5,66.68,5.92,0
32.0,127.0,68.96,5.97,0
25.25,4.5,115.8,7.22,0
18.5,4.75,108.36,7.01,0
11.75,5.0,90.03,6.57,0
5.0,11.5,82.56,6.37,0
5.333333333333333,57.0,116.99,7.25,0
5.666666666666667,85.0,120.13,7.3,0
6.0,43.0,103.69,6.91,0
6.333333333333333,1.0,88.35,6.53,0
6.666666666666666,9.0,80.35,6.33,0
7.0,13.0,91.13,6.63,0
49.0,13.5,84.6,6.43,0
7.0,10.0,92.12,6.64,0
1.5,27.5,92.88,6.67,0
72.5,16.5,84.09,6.41,0
46.75,16.5,71.9,6.1,0
21.0,13.2,79.45,6.32,0
16.0,9.9,68.87,6.01,0
12.0,6.6,52.2,5.49,0
8.0,3.3000000000000007,43.78,5.2,0
4.0,0.0,36.58,4.93,0
0.0,0.0,38.01,4.99,0
15.0,18.0,36.56,4.94,0
30.0,51.0,43.09,5.19,0
88.0,0.0,66.73,6.0,0
22.0,0.0,58.13,5.7,0
14.666666666666668,0.75,43.54,5.21,0
7.333333333333334,1.5,51.9,5.51,0
0.0,0.0,58.38,5.73,0
0.0,2.5,49.92,5.45,0
0.0,1.0,55.69,5.65,0
0.0,0.0,50.58,5.47,0
2.0,10.0,46.71,5.35,0
6.5,2.0,44.71,5.26,0
16.75,10.5,31.05,4.73,0
27.0,3.0,33.65,4.85,0
3.0,2.5,42.28,5.15,0
5.5,3.0,41.91,5.18,0
5.366666666666666,3.5,30.16,4.7,0
5.233333333333333,4.0,26.74,4.55,0
5.1,4.5,24.83,4.46,0
4.966666666666667,5.0,25.08,4.48,0
4.833333333333333,5.5,23.39,4.39,0
4.7,6.0,37.49,5.03,0
4.566666666666666,5.625,30.67,4.73,0
4.433333333333334,5.25,22.94,4.38,0
4.3,4.875,18.44,4.14,0
4.166666666666667,4.5,19.0,4.18,0
4.033333333333333,4.125,18.37,4.15,0
3.9000000000000004,3.75,17.01,4.07,0
3.7666666666666666,3.375,15.51,3.98,0
3.6333333333333333,3.0,12.96,3.81,0
3.5,2.625,14.93,3.95,0
3.3666666666666667,2.2499999999999996,14.41,3.92,0
3.2333333333333334,1.875,14.09,3.9,0
3.1,1.5,14.06,3.9,0
2.966666666666667,1.125,13.49,3.87,0
2.8333333333333335,0.75,14.38,3.93,0
2.7,0.375,13.55,3.87,0
2.566666666666667,0.0,12.77,3.83,0
2.4333333333333336,0.0,12.91,3.84,0
2.3000000000000003,0.8333333333333334,13.58,3.89,0
2.1666666666666665,1.6666666666666667,13.44,3.88,0
2.033333333333333,2.5,12.84,3.84,0
1.9,3.3333333333333335,12.21,3.8,0
1.7666666666666666,4.166666666666667,12.46,3.82,0
1.6333333333333333,5.0,18.86,4.22,0
1.5,4.5,15.13,4.0,0
13.25,4.0,13.44,3.89,0
25.0,4.166666666666667,14.94,4.0,0
23.916666666666668,4.333333333333333,13.55,3.9,0
22.833333333333332,4.5,11.17,3.74,0
21.75,4.666666666666667,10.71,3.71,0
20.666666666666668,4.833333333333333,11.58,3.78,0
19.583333333333336,5.0,10.67,3.71,0
18.5,4.722222222222222,11.73,3.8,0
19.25,4.444444444444445,10.93,3.74,0
20.0,4.166666666666667,10.24,3.69,0
20.75,3.8888888888888893,9.93,3.67,0
21.5,3.611111111111111,10.44,3.71,0
22.25,3.3333333333333335,10.18,3.69,0
23.0,3.0555555555555554,10.16,3.69,0
23.75,2.777777777777778,10.26,3.71,0
24.5,2.5,10.32,3.71,0
25.25,2.2222222222222223,10.26,3.71,0
26.0,1.9444444444444446,10.01,3.69,0
26.75,1.666666666666667,9.62,3.66,0
27.5,1.3888888888888893,9.1,3.63,0
28.25,1.1111111111111112,9.02,3.62,0
29.0,0.8333333333333339,9.18,3.64,0
29.75,0.5555555555555562,9.16,3.64,0
30.5,0.2777777777777777,8.58,3.59,0
31.25,0.0,8.71,3.61,0
32.0,1.6666666666666667,9.15,3.65,0
32.75,3.3333333333333335,8.48,3.59,0
33.5,5.0,8.59,3.6,0
34.25,4.875,8.95,3.64,0
35.0,4.75,10.02,3.72,0
34.1025641025641,4.625,8.83,3.63,0
33.205128205128204,4.5,8.35,3.58,0
32.30769230769231,4.375,8.17,3.56,0
31.41025641025641,4.25,8.22,3.55,0
30.51282051282051,4.125,8.1,3.53,0
29.615384615384617,4.0,7.96,3.51,0
28.71794871794872,3.875,8.23,3.52,0
27.82051282051282,3.75,8.25,3.52,0
26.923076923076923,3.625,8.26,3.51,0
26.025641025641026,3.5,8.16,3.49,0
25.128205128205128,3.375,8.44,3.51,0
24.230769230769234,3.25,8.72,3.52,0
23.333333333333336,3.125,9.18,3.55,0
22.435897435897438,3.0,8.86,3.51,0
21.53846153846154,2.875,8.32,3.46,0
20.641025641025642,2.75,8.0,3.42,0
19.743589743589745,2.625,7.69,3.39,0
18.846153846153847,2.5,7.83,3.39,0
17.94871794871795,2.375,8.07,3.4,0
17.05128205128205,2.25,8.63,3.44,0
16.153846153846153,2.125,7.71,3.35,0
15.256410256410255,2.0,8.42,3.4,0
14.358974358974358,1.875,8.12,3.37,0
13.461538461538463,1.75,8.94,3.43,0
12.564102564102566,1.625,8.36,3.36,0
11.666666666666668,1.5,8.36,3.36,0
10.76923076923077,1.375,8.29,3.34,0
9.871794871794872,1.25,8.58,3.36,0
8.974358974358974,1.125,8.57,3.34,0
8.076923076923077,1.0,8.82,3.36,0
7.179487179487179,0.875,8.96,3.36,0
6.282051282051281,0.75,9.84,3.42,0
5.384615384615387,0.625,9.64,3.39,0
4.487179487179489,0.5,9.36,3.36,0
3.589743589743591,0.375,9.31,3.35,0
2.6923076923076934,0.25,9.44,3.35,0
1.7948717948717956,0.125,9.82,3.37,0
0.8974358974358978,0.0,9.98,3.37,0
0.0,0.5909090909090909,10.79,3.43,0
0.45454545454545453,1.1818181818181819,9.78,3.34,0
0.9090909090909091,1.7727272727272727,10.76,3.4,0
1.3636363636363635,2.3636363636363638,10.15,3.34,0
1.8181818181818181,2.9545454545454546,9.49,3.29,0
2.2727272727272725,3.5454545454545454,9.81,3.3,0
2.727272727272727,4.136363636363637,10.4,3.34,0
3.1818181818181817,4.7272727272727275,9.69,3.27,0
3.6363636363636362,5.318181818181818,9.74,3.27,0
4.090909090909091,5.909090909090909,9.83,3.27,0
4.545454545454545,6.5,10.5,3.31,0
5.0,5.2,12.6,3.45,0
4.0,3.9,12.93,3.46,0
3.0,2.6,12.83,3.45,0
8.083333333333332,1.2999999999999998,11.78,3.37,0
13.166666666666666,0.0,11.48,3.33,0
18.25,1.0,11.4,3.32,0
23.333333333333332,2.0,11.39,3.31,0
28.416666666666668,3.0,12.77,3.4,0
33.5,2.911764705882353,13.34,3.42,0
32.51470588235294,2.823529411764706,13.13,3.4,0
31.529411764705884,2.735294117647059,13.06,3.39,0
30.544117647058822,2.6470588235294117,12.63,3.35,0
29.558823529411764,2.5588235294117645,12.2,3.31,0
28.573529411764707,2.4705882352941178,12.1,3.29,0
27.58823529411765,2.3823529411764706,11.64,3.25,0
26.602941176470587,2.2941176470588234,11.58,3.24,0
25.61764705882353,2.2058823529411766,11.59,3.23,0
24.63235294117647,2.1176470588235294,12.11,3.26,0
23.647058823529413,2.0294117647058822,11.74,3.22,0
22.661764705882355,1.9411764705882353,11.9,3.23,0
21.676470588235297,1.852941176470588,12.21,3.24,0
20.691176470588236,1.7647058823529411,13.57,3.32,0
19.705882352941178,1.676470588235294,13.0,3.27,0
18.720588235294116,1.588235294117647,13.24,3.28,0
17.735294117647058,1.4999999999999998,13.43,3.28,0
16.75,1.4117647058823528,13.23,3.26,0
15.764705882352942,1.3235294117647058,13.13,3.24,0
14.779411764705884,1.2352941176470587,13.3,3.25,0
13.794117647058822,1.1470588235294117,13.79,3.27,0
12.808823529411764,1.0588235294117645,14.04,3.27,0
11.823529411764707,0.9705882352941173,13.87,3.25,0
10.838235294117649,0.8823529411764706,14.33,3.27,0
9.85294117647059,0.7941176470588234,14.13,3.25,0
8.867647058823529,0.7058823529411762,13.84,3.22,0
7.882352941176471,0.617647058823529,14.33,3.24,0
6.897058823529413,0.5294117647058822,14.44,3.24,0
5.911764705882355,0.44117647058823506,14.14,3.21,0
4.9264705882352935,0.35294117647058787,14.12,3.2,0
3.9411764705882355,0.2647058823529411,14.36,3.21,0
2.9558823529411775,0.17647058823529393,14.86,3.23,0
1.9705882352941195,0.08823529411764675,14.71,3.21,0
0.985294117647058,0.0,14.65,3.2,0
0.0,7.625,16.2,3.29,0
0.0,15.25,17.46,3.35,0
0.0,22.875,18.07,3.38,0
16.25,30.5,16.86,3.29,0
32.5,22.875,16.52,3.27,0
27.3,15.25,19.53,3.44,0
22.1,7.625,17.55,3.31,0
16.9,0.0,16.93,3.26,0
11.7,0.75,18.15,3.33,0
6.5,1.5,17.2,3.26,0
6.5,2.25,17.72,3.28,0
6.5,3.0,17.24,3.24,0
6.5,3.7500000000000004,17.75,3.27,0
6.5,4.5,17.28,3.23,0
6.5,5.25,16.84,3.19,0
6.5,6.0,16.44,3.16,0
6.5,6.75,16.68,3.16,0
6.5,7.5,16.91,3.17,0
6.5,2.5,19.57,3.31,0
2.0,7.166666666666667,22.97,3.48,0
0.0,11.833333333333334,23.74,3.51,0
28.5,16.5,25.08,3.57,0
0.0,3.5,24.07,3.5,0
14.5,33.5,51.27,4.61,0
0.0,4.0,37.4,4.05,0
3.5,2.0,34.99,3.97,0
1.75,0.0,34.86,3.95,0
0.0,43.0,39.11,4.11,0
55.0,32.0,32.78,3.83,0
33.0,20.999999999999996,29.38,3.68,0
11.0,10.0,32.08,3.8,0
16.0,8.75,39.29,4.09,0
8.0,7.5,63.06,4.79,0
0.0,5.0,39.5,3.99,0
0.0,2.5,28.39,3.6,0
0.0,0.0,26.52,3.5,0
0.0,0.0,25.4,3.44,0
1.9285714285714284,0.0,24.58,3.39,0
3.8571428571428568,0.0,22.7,3.28,0
5.785714285714286,0.0,21.36,3.21,0
7.7142857142857135,0.0,21.37,3.2,0
9.642857142857142,0.0,21.55,3.2,0
11.571428571428571,0.0,31.05,3.62,0
13.5,11.5,27.33,3.44,0
12.0,6.5,31.42,3.65,0
4.5,33.0,30.41,3.59,0
14.0,18.0,32.73,3.68,0
8.0,3.0,30.3,3.56,0
2.0,10.0,31.72,3.62,0
65.5,5.0,35.61,3.77,0
0.0,0.0,31.62,3.59,0
21.666666666666668,12.0,29.45,3.48,0
43.333333333333336,24.0,31.59,3.57,0
65.0,29.5,40.13,3.91,0
32.0,22.833333333333332,51.9,4.33,0
16.0,16.166666666666664,54.5,4.4,0
0.0,9.5,44.04,4.03,0
7.0,30.25,42.39,3.95,0
0.0,51.0,46.74,4.1,0
69.0,1.5,83.35,5.21,0
9.0,1.0,49.96,4.18,0
7.833333333333333,1.625,39.8,3.82,0
6.666666666666666,2.25,35.82,3.65,0
5.5,2.875,35.69,3.64,0
11.333333333333334,3.5,34.79,3.59,0
17.166666666666668,19.0,41.52,3.84,0
23.0,5.5,50.69,4.17,0
19.5,6.0,66.01,4.66,0
19.0,14.0,76.52,4.95,0
42.5,54.5,92.19,5.35,0
81.0,28.0,148.23,6.62,1
19.0,2.5,98.87,5.45,0
2.0,3.5,60.67,4.4,0
2.0,9.25,38.01,3.61,0
30.250000000000004,15.0,49.29,4.06,0
58.5,16.25,50.34,4.08,0
58.0,17.5,50.12,4.05,0
57.5,1.0,67.9,4.62,0
0.0,2.0,83.42,5.02,0
0.0,2.5,86.77,5.09,0
2.0,16.5,80.71,4.93,0
23.0,21.833333333333332,81.58,4.96,0
12.5,27.166666666666664,71.54,4.67,0
2.0,32.5,71.52,4.66,0
48.0,0.0,90.75,5.16,0
0.0,0.0,70.82,4.52,0
0.0,0.625,60.22,4.13,0
0.0,1.25,55.49,3.94,0
0.0,1.8749999999999998,53.03,3.84,0
2.5,2.5,51.92,3.8,0
5.0,1.0,52.5,3.82,0
0.0,8.0,54.67,3.91,0
10.0,3.5,63.35,4.25,0
4.5,4.0,59.76,4.11,0
5.5,2.0,66.33,4.36,0
4.0,10.4,62.16,4.2,0
16.799999999999997,18.8,55.77,3.95,0
29.599999999999998,27.2,51.25,3.76,0
42.4,35.6,49.91,3.7,0
55.199999999999996,44.0,48.59,3.64,0
68.0,3.0,50.26,3.71,0
3.0,4.0,66.93,4.37,0
1.0,8.125,93.17,5.24,0
13.875,12.25,101.88,5.49,1
26.75,16.375,100.01,5.43,1
39.625,20.5,88.99,5.08,0
52.5,52.5,110.27,5.74,1
52.0,24.0,140.18,6.49,1
24.0,39.0,160.29,6.94,1
17.0,23.0,169.74,7.09,1
10.0,3.0,119.6,5.94,0
3.0,32.0,135.74,6.43,0
29.0,17.0,103.51,5.62,1
17.5,19.583333333333332,88.61,5.21,0
14.0,22.166666666666664,81.77,4.98,0
10.5,24.75,62.32,4.35,0
7.0,27.333333333333332,61.3,4.33,0
3.5,29.916666666666664,56.26,4.14,0
0.0,32.5,70.31,4.7,0
49.0,43.5,91.39,5.39,0
33.0,8.0,103.92,5.75,0
18.0,18.5,114.68,6.08,1
0.0,13.833333333333332,105.74,5.81,0
1.1666666666666667,9.166666666666666,93.99,5.53,0
2.3333333333333335,4.5,95.04,5.56,0
3.5,1.0,86.61,5.32,0
4.5,23.0,69.86,4.76,0
5.5,29.0,73.93,4.92,0
7.0,8.5,78.73,5.13,0
2.0,26.0,80.85,5.2,0
33.5,26.5,119.28,6.32,1
12.0,34.0,123.71,6.43,1
48.0,25.0,119.76,6.35,1
11.0,2.0,118.85,6.34,0
1.0,1.0,89.19,5.5,0
1.5,1.6666666666666665,76.47,5.13,0
0.0,2.333333333333333,75.58,5.12,0
0.0,3.0,62.32,4.64,0
0.0,4.0,60.38,4.61,0
3.0,4.0,76.19,5.2,0
3.0,4.0,61.84,4.68,0
3.0,8.0,65.38,4.84,0
7.5,15.5,77.52,5.28,0
7.5,15.8,86.89,5.6,0
1.5,16.1,88.02,5.64,0
0.0,16.4,81.72,5.44,0
5.833333333333334,16.7,73.35,5.19,0
11.666666666666668,17.0,78.73,5.39,0
17.5,4.0,80.03,5.43,0
0.0,5.0,72.34,5.2,0
9.0,3.0,73.69,5.26,0
4.5,1.0,66.25,5.01,0
0.0,0.6666666666666667,61.08,4.82,0
0.0,0.33333333333333337,57.37,4.69,0
0.0,0.0,54.65,4.59,0
0.0,3.0,52.24,4.5,0
0.0,18.75,52.94,4.55,0
13.0,34.5,55.61,4.67,0
26.0,18.5,68.63,5.19,0
8.0,28.0,89.66,5.91,0
27.0,0.0,69.52,5.22,0
22.5,9.0,56.54,4.77,0
18.0,55.0,60.78,4.95,0
85.0,44.0,76.77,5.54,0
42.5,6.0,130.28,7.06,0
0.0,5.333333333333333,72.77,5.41,0
2.0,4.666666666666667,60.35,4.99,0
4.0,4.0,57.33,4.88,0
1.0,49.0,55.76,4.84,0
4.5,94.0,60.01,5.02,0
8.0,5.0,82.22,5.81,0
4.5,11.5,73.2,5.5,0
4.5,3.0,65.85,5.29,0
23.0,62.0,95.8,6.29,0
20.125,14.0,148.54,7.64,1
17.25,9.333333333333332,149.24,7.64,0
14.375,4.666666666666666,121.48,6.99,0
11.5,0.0,101.34,6.48,0
8.625,67.0,90.9,6.2,0
5.75,57.5,134.03,7.38,0
2.875,2.0,124.54,7.13,0
0.0,57.0,111.01,6.81,0
0.0,39.0,113.41,6.89,0
0.0,21.0,108.7,6.77,0
0.0,3.0,97.5,6.47,0
0.0,1.5,84.8,6.1,0
0.0,1.375,66.4,5.49,0
3.0,1.25,67.39,5.56,0
6.0,1.125,62.92,5.4,0
9.0,1.0,56.94,5.18,0
12.0,0.0,62.27,5.41,0
0.0,33.0,53.22,5.03,0
27.0,16.5,75.87,5.93,0
2.0,12.5,53.98,5.06,0
2.0,4.0,50.8,5.0,0
19.0,15.0,63.4,5.52,0
15.5,0.0,58.74,5.31,0
14.916666666666666,3.1,50.69,5.04,0
14.333333333333334,6.2,42.49,4.66,0
13.75,9.3,44.86,4.79,0
13.166666666666666,12.4,36.72,4.4,0
12.583333333333332,15.5,37.2,4.44,0
12.0,65.0,55.45,5.31,0
3.5,30.0,50.67,5.1,0
41.0,65.5,76.85,6.14,0
81.5,45.5,63.37,5.64,0
62.5,31.25,96.89,6.78,0
43.25,17.0,57.74,5.42,0
24.0,5.0,55.51,5.39,0
0.0,5.0,50.8,5.2,0
11.5,1.5,42.19,4.81,0
13.0,6.5,39.71,4.7,0
14.5,11.5,33.05,4.36,0
16.0,24.0,31.43,4.28,0
39.25,36.5,32.98,4.38,0
62.5,1.5,49.67,5.24,0
0.0,4.0,47.68,5.17,0
3.0,6.4,42.91,4.93,0
5.699999999999999,8.8,31.63,4.36,0
8.399999999999999,11.2,27.92,4.15,0
11.1,13.6,26.4,4.06,0
13.799999999999999,16.0,27.97,4.18,0
16.5,51.5,31.97,4.43,0
10.5,2.0,48.38,5.3,0
3.5,17.5,45.63,5.16,0
16.5,15.571428571428571,40.33,4.92,0
14.142857142857142,13.642857142857142,31.58,4.47,0
11.785714285714285,11.714285714285715,27.67,4.24,0
9.428571428571429,9.785714285714286,26.93,4.21,0
7.071428571428571,7.857142857142858,39.25,4.95,0
4.714285714285715,5.928571428571429,37.1,4.84,0
2.3571428571428577,4.0,36.32,4.81,0
0.0,30.0,37.65,4.9,0
40.75,56.0,36.56,4.82,0
81.5,1.0,42.39,5.15,0
71.35714285714286,13.0,42.9,5.21,0
61.214285714285715,13.2,45.07,5.32,0
51.07142857142857,13.4,33.58,4.73,0
40.92857142857143,13.6,26.83,4.34,0
30.785714285714285,13.8,24.88,4.23,0
20.64285714285714,14.0,22.38,4.06,0
10.5,1.5,25.27,4.29,0
7.666666666666666,4.0,22.58,4.1,0
4.833333333333333,6.5,21.98,4.08,0
2.0,15.5,25.18,4.31,0
20.75,24.5,28.0,4.52,0
39.5,21.77777777777778,26.48,4.39,0
34.5625,19.055555555555557,25.35,4.33,0
29.625,16.333333333333332,20.18,3.94,0
24.6875,13.61111111111111,17.78,3.77,0
19.75,10.888888888888888,17.53,3.75,0
14.8125,8.166666666666664,16.55,3.67,0
9.875,5.444444444444443,16.59,3.67,0
4.9375,2.7222222222222214,15.77,3.6,0
0.0,0.0,16.96,3.71,0
0.0,2.0,18.3,3.83,0
0.0,3.25,16.66,3.69,0
0.0,4.5,17.03,3.73,0
3.0,4.3,19.58,3.95,0
3.0,4.1,17.62,3.78,0
3.0,3.9,16.3,3.67,0
3.0,3.7,15.58,3.61,0
3.0,3.5,14.85,3.53,0
3.0,19.0,14.75,3.53,0
3.0,34.5,14.55,3.51,0
3.0,23.833333333333336,13.37,3.4,0
3.0,13.166666666666668,13.27,3.39,0
3.0,2.5,13.72,3.44,0
3.0,2.2916666666666665,18.32,3.87,0
3.0,2.0833333333333335,15.47,3.61,0
3.0,1.875,13.35,3.4,0
3.0,1.6666666666666665,13.62,3.44,0
3.0,1.4583333333333333,14.46,3.53,0
2.625,1.25,13.56,3.44,0
2.25,1.0416666666666667,13.15,3.4,0
1.875,0.8333333333333333,13.15,3.4,0
1.5,0.625,13.04,3.39,0
1.1249999999999998,0.4166666666666665,12.14,3.3,0
0.75,0.20833333333333348,11.98,3.28,0
0.375,0.0,11.82,3.27,0
0.0,3.3,11.62,3.25,0
5.699999999999999,6.6,11.78,3.27,0
11.399999999999999,9.9,11.91,3.29,0
17.099999999999998,13.2,11.56,3.25,0
22.799999999999997,16.5,11.36,3.23,0
28.5,8.25,12.24,3.33,0
27.03125,0.0,11.68,3.27,0
25.5625,0.5,13.16,3.43,0
24.09375,1.0,12.03,3.31,0
22.625,1.5,11.65,3.28,0
21.15625,2.0,11.21,3.23,0
19.6875,2.5,12.77,3.39,0
18.21875,3.0,18.33,3.8,0
16.75,3.5,10.54,3.16,0
15.281250000000002,4.0,9.97,3.09,0
13.812500000000002,4.5,10.09,3.11,0
12.34375,5.0,10.05,3.11,0
10.875,5.5,9.91,3.09,0
9.40625,6.0,9.91,3.1,0
7.9375,6.5,10.0,3.11,0
6.46875,7.0,10.13,3.13,0
5.0,7.5,12.63,3.4,0
7.5,5.875,11.78,3.31,0
7.5,4.25,11.02,3.24,0
7.5,2.625,12.5,3.41,0
7.5,1.0,10.88,3.23,0
7.5,0.75,10.61,3.2,0
4.25,0.5,10.25,3.16,0
1.0,0.25,10.69,3.22,0
1.25,0.0,11.87,3.36,0
1.5,7.0,13.53,3.53,0
6.5,4.5,13.33,3.51,0
3.5,2.0,12.5,3.43,0
3.3833333333333333,1.9285714285714286,11.48,3.32,0
3.2666666666666666,1.8571428571428572,10.77,3.24,0
3.15,1.7857142857142858,10.25,3.18,0
3.033333333333333,1.7142857142857144,10.05,3.16,0
2.916666666666667,1.6428571428571428,9.54,3.1,0
2.8,1.5714285714285714,9.38,3.08,0
2.6833333333333336,1.5,9.2,3.06,0
2.5666666666666664,1.4285714285714286,9.29,3.07,0
2.45,1.3571428571428572,9.33,3.08,0
2.3333333333333335,1.2857142857142856,8.73,3.0,0
2.216666666666667,1.2142857142857144,8.01,2.9,0
2.1,1.1428571428571428,7.87,2.89,0
1.9833333333333334,1.0714285714285716,7.66,2.86,0
1.8666666666666667,1.0,7.55,2.85,0
1.75,0.9285714285714286,7.74,2.88,0
1.6333333333333333,0.8571428571428572,7.41,2.83,0
1.5166666666666668,0.7857142857142858,10.29,3.2,0
1.4,0.7142857142857144,11.2,3.31,0
1.2833333333333332,0.642857142857143,8.5,2.97,0
1.166666666666667,0.5714285714285714,7.71,2.89,0
1.0500000000000003,0.5,7.49,2.85,0
0.9333333333333336,0.4285714285714286,7.33,2.83,0
0.8166666666666669,0.3571428571428572,7.3,2.83,0
0.7000000000000002,0.2857142857142858,7.41,2.85,0
0.5833333333333335,0.2142857142857144,7.3,2.84,0
0.4666666666666668,0.14285714285714302,7.25,2.83,0
0.3500000000000001,0.07142857142857162,7.1,2.81,0
0.2333333333333334,0.0,6.99,2.8,0
0.1166666666666667,0.0,7.42,2.87,0
0.0,0.0,7.37,2.86,0
8.0,1.0,7.6,2.9,0
0.0,1.125,7.35,2.86,0
1.0,1.25,7.36,2.87,0
0.5,1.375,7.2,2.85,0
0.0,1.5,7.24,2.86,0
0.0,3.5,7.77,2.94,0
3.5,3.25,9.32,3.15,0
0.0,3.0,19.95,4.22,0
0.0,2.6666666666666665,9.4,3.14,0
0.0,2.3333333333333335,8.1,2.99,0
0.0,2.0,7.62,2.93,0
0.0,1.6666666666666667,7.6,2.93,0
0.0,1.3333333333333335,8.13,3.01,0
0.0,1.0000000000000002,7.43,2.91,0
0.0,0.666666666666667,7.15,2.87,0
0.0,0.3333333333333335,7.19,2.88,0
0.0,0.0,7.02,2.85,0
0.0,5.0,7.72,2.96,0
4.0,3.0,8.81,3.12,0
3.5,1.0,7.93,3.0,0
3.0,1.6666666666666665,8.07,3.02,0
5.166666666666666,2.333333333333333,7.72,2.97,0
7.333333333333333,3.0,7.91,3.0,0
9.5,10.0,8.7,3.12,0
5.0,6.25,9.37,3.2,0
3.25,2.5,8.56,3.1,0
1.5,8.0,7.7,2.98,0
5.5,13.500000000000002,7.84,3.01,0
9.5,19.0,7.55,2.96,0
13.5,24.500000000000004,7.29,2.93,0
17.5,30.0,8.87,3.15,0
21.5,16.25,10.7,3.38,0
15.166666666666666,2.5,10.17,3.32,0
8.833333333333332,8.5,8.85,3.15,0
2.5,31.5,10.94,3.41,0
7.5,3.0,26.4,4.75,0
12.5,19.0,20.25,4.31,0
9.5,1.0,21.93,4.44,0
21.0,30.5,19.17,4.22,0
32.5,4.0,29.3,4.94,0
14.5,3.5,34.78,5.29,0
2.5,30.0,28.02,4.85,0
11.0,4.0,29.6,4.91,0
24.5,2.5,23.36,4.57,0
0.0,1.0,17.06,4.05,0
0.0,13.5,14.98,3.87,0
10.5,1.5,23.82,4.62,0
1.0,1.0,19.51,4.27,0
0.6666666666666667,0.5,14.61,3.85,0
0.33333333333333337,0.0,12.57,3.64,0
0.0,0.0,10.79,3.45,0
0.0,0.19999999999999998,10.89,3.47,0
0.0,0.39999999999999997,9.79,3.33,0
0.0,0.6,9.32,3.28,0
4.333333333333333,0.7999999999999999,9.5,3.3,0
8.666666666666666,1.0,9.18,3.26,0
13.0,4.5,9.39,3.29,0
5.0,6.055555555555555,9.03,3.25,0
13.5,7.611111111111111,8.68,3.2,0
22.0,9.166666666666668,8.89,3.23,0
30.5,10.722222222222221,10.81,3.47,0
22.875,12.277777777777779,8.97,3.23,0
15.25,13.833333333333334,8.91,3.23,0
7.625,15.38888888888889,8.11,3.11,0
0.0,16.944444444444443,8.39,3.16,0
5.25,18.5,8.76,3.2,0
10.5,1.0,16.14,4.03,0
24.5,9.0,14.3,3.83,0
24.0,5.0,15.78,3.95,0
4.0,21.0,24.13,4.66,0
27.5,20.5,26.65,4.79,0
37.0,4.5,18.34,4.15,0
21.75,1.5,13.17,3.72,0
6.5,0.75,19.04,4.28,0
0.5,0.0,18.86,4.24,0
3.0,2.0,15.02,3.91,0
2.0,0.0,16.14,4.02,0
0.0,5.5,18.65,4.22,0
8.0,1.0,17.07,4.08,0
1.5,1.5,13.52,3.76,0
1.5,3.0,12.21,3.62,0
5.5,5.5,12.6,3.67,0
6.0,3.666666666666667,14.09,3.82,0
0.0,1.8333333333333335,11.91,3.58,0
1.875,0.0,10.55,3.43,0
3.75,3.0,10.13,3.38,0
5.625,6.0,9.88,3.35,0
7.5,14.5,9.8,3.34,0
15.0,2.5,9.77,3.32,0
3.0,2.0,13.64,3.78,0
2.0,15.0,18.36,4.22,0
16.0,1.5,19.62,4.31,0
1.5,0.0,20.06,4.35,0
0.0,6.0,16.7,4.06,0
7.0,4.0,15.89,3.99,0
4.666666666666666,2.0,12.25,3.62,0
2.333333333333333,0.0,10.82,3.47,0
0.0,3.0,11.07,3.5,0
9.5,5.0,17.02,4.1,0
83.0,40.5,19.53,4.28,0
33.0,3.5,51.54,6.16,0
1.5,0.0,34.19,5.24,0
0.0,1.5,21.89,4.47,0
0.0,0.75,20.51,4.39,0
2.25,0.0,15.42,3.9,0
4.5,6.5,16.26,4.03,0
4.5,4.833333333333333,16.46,4.02,0
3.6666666666666665,3.1666666666666665,17.59,3.88,0
2.833333333333333,1.5,16.61,3.78,0
2.0,8.5,16.89,3.81,0
6.5,3.5,23.4,4.35,0
5.0,2.25,23.01,4.3,0
3.25,1.0,18.57,3.93,0
1.5,2.0,19.03,3.98,0
1.5,3.0,16.61,3.75,0
1.0,17.0,17.62,3.83,0
16.0,43.5,40.42,5.39,0
24.0,6.5,48.83,5.78,0
5.5,9.5,49.76,5.82,0
11.0,4.0,54.93,6.04,0
11.0,3.5,45.48,5.59,0
8.0,7.0,38.47,5.22,0
5.75,10.5,31.69,4.83,0
3.5,0.0,37.04,5.14,0
3.75,2.5,26.61,4.48,0
4.0,1.0,24.72,4.35,0
1.5,1.0,21.69,4.11,0
1.0,10.0,21.03,4.06,0
8.5,1.0,28.62,4.61,0
0.0,0.5,22.56,4.16,0
0.0,0.0,19.56,3.92,0
6.0,7.0,21.41,4.07,0
12.0,13.5,27.38,4.5,0
13.5,0.0,36.11,5.05,0
0.0,0.0,28.97,4.58,0
0.0,1.5,25.63,4.36,0
4.0,1.0,23.53,4.2,0
1.5,0.0,21.22,4.02,0
0.0,1.5,19.59,3.88,0
5.5,6.5,21.15,4.01,0
5.0,2.5,24.01,4.22,0
0.0,16.0,21.7,4.04,0
18.0,1.5,26.0,4.35,0
7.0,13.5,24.05,4.21,0
23.0,37.5,33.22,4.81,0
26.5,10.5,46.24,5.51,0
11.5,1.5,33.55,4.78,0
3.0,2.0,26.22,4.33,0
1.5,1.8,23.84,4.16,0
1.0,1.6,20.68,3.91,0
0.5,1.4,22.97,4.08,0
0.0,1.2000000000000002,19.3,3.78,0
0.0,1.0,18.73,3.73,0
0.0,0.0,19.76,3.82,0
0.0,20.5,19.08,3.76,0
8.75,41.0,20.0,3.82,0
17.5,9.0,20.91,3.84,0
11.0,16.5,25.55,4.25,0
23.0,0.0,30.56,4.56,0
0.0,7.625,22.71,4.01,0
7.250000000000001,15.25,21.31,3.9,0
14.500000000000002,22.875,19.77,3.77,0
21.75,30.5,19.96,3.78,0
29.0,1.0,29.92,4.51,0
1.0,2.0,23.6,4.04,0
1.5,3.0,19.96,3.76,0
2.0,4.0,19.38,3.71,0
2.5,1.0,27.83,4.34,0
1.0,3.5,22.61,3.95,0
1.0,16.5,28.03,4.35,0
18.5,13.5,31.6,4.56,0
0.0,10.5,33.79,4.69,0
29.5,41.5,34.44,4.72,0
21.0,1.0,32.54,4.6,0
0.0,4.666666666666666,30.36,4.46,0
2.1666666666666665,8.333333333333332,24.11,4.03,0
4.333333333333333,12.0,27.31,4.23,0
6.5,3.0,32.21,4.55,0
5.5,5.625,27.19,4.23,0
8.125,8.25,23.85,3.99,0
10.75,10.875,21.7,3.82,0
13.375,13.5,22.84,3.89,0
16.0,31.5,30.02,4.4,0
35.5,14.0,31.75,4.49,0
27.0,4.0,41.81,5.04,0
3.5,3.1666666666666665,41.46,5.03,0
2.8333333333333335,2.333333333333333,34.64,4.65,0
2.166666666666667,1.5,35.59,4.71,0
1.5,38.5,37.55,4.81,0
41.0,17.0,48.16,5.36,0
31.5,25.0,55.64,5.69,0
42.0,52.0,68.3,6.2,0
67.5,12.5,61.8,5.92,0
11.0,8.5,63.15,5.99,0
0.5,2.0,55.04,5.62,0
4.75,19.5,43.45,5.08,0
9.0,42.5,61.51,5.91,0
2.0,3.0,73.85,6.37,0
1.0,1.0,49.36,5.33,0
0.5,0.0,36.75,4.7,0
0.0,0.625,33.23,4.49,0
0.0,1.25,29.83,4.28,0
0.0,1.8749999999999998,28.16,4.17,0
0.0,2.5,26.0,4.01,0
0.0,3.1249999999999996,24.63,3.91,0
0.0,3.7499999999999996,22.94,3.78,0
6.25,4.375,22.17,3.72,0
12.5,5.0,24.07,3.86,0
0.0,1.0,32.8,4.44,0
3.5,3.5,32.5,4.4,0
15.0,11.5,32.99,4.43,0
3.5,4.5,32.1,4.36,0
1.0,7.1875,31.51,4.33,0
2.5,9.875,27.91,4.08,0
4.0,12.5625,24.12,3.82,0
14.3,15.25,25.1,3.89,0
24.6,17.9375,22.84,3.71,0
34.900000000000006,20.625,21.18,3.58,0
45.2,23.3125,20.28,3.5,0
55.5,26.0,20.3,3.5,0
16.0,1.5,23.82,3.77,0
0.5,0.0,23.26,3.72,0
5.75,4.75,20.52,3.49,0
11.0,9.5,19.99,3.45,0
21.5,35.5,22.96,3.68,0
5.5,1.0,31.05,4.22,0
5.5,7.2,24.12,3.74,0
20.5,13.4,21.88,3.58,0
35.5,19.6,21.71,3.56,0
50.5,25.8,20.7,3.47,0
65.5,32.0,23.16,3.66,0
11.5,11.5,29.38,4.09,0
2.5,5.5,28.94,4.05,0
4.285714285714286,0.0,27.03,3.92,0
6.071428571428571,0.0,23.09,3.63,0
7.857142857142858,0.0,21.38,3.49,0
9.642857142857142,0.0,20.02,3.38,0
11.428571428571429,0.0,19.23,3.31,0
13.214285714285715,6.5,18.89,3.28,0
15.0,13.0,19.48,3.32,0
18.0,14.25,20.04,3.36,0
21.0,15.5,19.52,3.31,0
35.5,7.0,20.21,3.36,0
14.0,17.0,21.27,3.44,0
12.333333333333334,0.0,33.75,4.28,0
10.666666666666666,0.0,23.48,3.59,0
9.0,20.5,24.22,3.65,0
79.5,4.0,30.76,4.07,0
3.5,3.0,32.6,4.18,0
34.5,0.0,39.46,4.58,0
65.5,57.0,36.26,4.38,0
32.75,46.2,86.24,6.53,0
0.0,35.400000000000006,47.8,4.91,0
0.0,24.6,33.19,4.2,0
0.0,13.800000000000004,28.08,3.87,0
0.0,3.0,29.77,3.97,0
0.0,5.0,28.79,3.89,0
31.0,9.5,32.93,4.17,0
1.0,11.5,34.95,4.27,0
3.5,7.0,50.4,5.07,0
16.0,8.5,45.44,4.81,0
7.5,6.666666666666667,34.59,4.23,0
4.75,4.833333333333334,28.36,3.84,0
2.0,3.0,26.24,3.7,0
4.0,0.0,33.47,4.17,0
6.0,5.0,27.39,3.76,0
9.0,5.25,24.67,3.57,0
12.0,5.5,28.47,3.81,0
6.0,1.0,45.27,4.6,0
5.5,1.6,35.6,4.26,0
5.0,2.2,27.74,3.76,0
4.5,2.8,24.71,3.54,0
4.0,3.4,23.81,3.48,0
3.5,4.0,24.22,3.5,0
4.25,3.0,28.19,3.77,0
5.0,11.0,44.23,4.7,0
8.5,14.0,45.54,4.74,0
24.0,34.5,67.7,5.72,0
5.0,1.0,72.11,5.86,0
4.666666666666667,1.75,52.93,5.03,0
4.333333333333333,2.5,39.07,4.38,0
4.0,5.0,36.34,4.23,0
3.7857142857142856,4.333333333333333,33.99,4.09,0
3.5714285714285716,3.666666666666667,32.32,3.98,0
3.357142857142857,3.0,31.38,3.92,0
3.142857142857143,2.3333333333333335,29.5,3.8,0
2.928571428571429,1.666666666666667,27.93,3.69,0
2.7142857142857144,1.0,26.65,3.59,0
2.5,2.0,27.24,3.64,0
7.333333333333334,18.833333333333332,28.31,3.7,0
12.166666666666668,35.666666666666664,25.21,3.48,0
17.0,52.5,27.62,3.65,0
15.0,44.916666666666664,27.68,3.64,0
13.0,37.33333333333333,27.35,3.61,0
11.0,29.75,24.42,3.39,0
9.0,22.166666666666664,23.12,3.3,0
7.0,14.583333333333329,22.4,3.24,0
0.0,7.0,23.26,3.3,0
1.4444444444444446,8.722222222222221,23.74,3.33,0
2.8888888888888893,10.444444444444445,23.16,3.28,0
4.333333333333334,12.166666666666668,22.44,3.22,0
5.777777777777779,13.88888888888889,22.25,3.2,0
7.222222222222222,15.61111111111111,22.12,3.18,0
8.666666666666668,17.333333333333336,22.1,3.18,0
10.111111111111112,19.055555555555557,21.94,3.16,0
11.555555555555557,20.77777777777778,21.45,3.12,0
13.0,22.5,21.55,3.12,0
7.499999999999999,23.0,25.46,3.41,0
2.0,0.0,25.47,3.4,0
0.0,0.0,24.42,3.31,0
0.0,0.07142857142857142,23.24,3.22,0
0.0,0.14285714285714285,23.05,3.2,0
0.0,0.21428571428571427,23.0,3.2,0
0.0,0.2857142857142857,22.23,3.13,0
0.0,0.35714285714285715,21.62,3.08,0
0.0,0.42857142857142855,21.41,3.06,0
0.0,0.5,21.3,3.05,0
0.0,0.5714285714285714,21.16,3.03,0
0.0,0.6428571428571428,21.21,3.03,0
0.0,0.7142857142857143,20.6,2.97,0
0.0,0.7857142857142857,21.09,3.01,0
0.0,0.8571428571428571,21.17,3.01,0
0.0,0.9285714285714285,21.2,3.01,0
0.0,1.0,22.68,3.12,0
7.5,18.333333333333332,22.47,3.09,0
15.0,35.666666666666664,22.03,3.05,0
22.5,53.0,21.94,3.04,0
6.5,7.0,26.75,3.39,0
10.055555555555555,9.88888888888889,26.06,3.33,0
13.61111111111111,12.777777777777779,23.55,3.14,0
17.166666666666664,15.666666666666668,22.48,3.06,0
20.72222222222222,18.555555555555557,22.07,3.02,0
24.27777777777778,21.444444444444443,22.57,3.06,0
27.833333333333332,24.333333333333336,22.43,3.04,0
31.38888888888889,27.222222222222225,22.01,3.0,0
34.94444444444444,30.111111111111114,21.27,2.94,0
38.5,33.0,22.25,3.01,0
0.0,22.0,30.72,3.6,0
0.868421052631579,10.999999999999996,26.67,3.31,0
1.736842105263158,0.0,24.22,3.14,0
2.6052631578947367,0.04545454545454545,24.28,3.14,0
3.473684210526316,0.0909090909090909,23.07,3.04,0
4.342105263157895,0.13636363636363635,22.61,3.01,0
5.2105263157894735,0.1818181818181818,22.3,2.97,0
6.078947368421052,0.22727272727272727,22.1,2.96,0
6.947368421052632,0.2727272727272727,22.24,2.96,0
7.815789473684211,0.3181818181818182,22.55,2.98,0
8.68421052631579,0.3636363636363636,21.95,2.93,0
9.552631578947368,0.40909090909090906,22.53,2.97,0
10.421052631578947,0.45454545454545453,22.71,2.97,0
11.289473684210526,0.49999999999999994,21.94,2.9,0
12.157894736842104,0.5454545454545454,21.78,2.89,0
13.026315789473683,0.5909090909090908,21.9,2.89,0
13.894736842105264,0.6363636363636364,21.92,2.89,0
14.763157894736842,0.6818181818181818,21.91,2.88,0
15.631578947368421,0.7272727272727272,22.39,2.92,0
16.5,0.7727272727272727,22.74,2.94,0
15.785714285714286,0.8181818181818181,24.57,3.07,0
15.071428571428571,0.8636363636363635,23.06,2.95,0
14.357142857142858,0.9090909090909091,22.82,2.93,0
13.642857142857142,0.9545454545454545,22.69,2.91,0
12.928571428571429,1.0,22.58,2.9,0
12.214285714285715,2.666666666666667,23.23,2.94,0
11.5,4.333333333333334,27.16,3.22,0
1.0,6.0,28.76,3.31,0
2.0,1.0,27.67,3.23,0
3.0,1.9166666666666665,26.48,3.15,0
4.0,2.833333333333333,25.29,3.06,0
5.0,3.75,24.62,3.01,0
6.0,4.666666666666666,24.24,2.97,0
7.0,5.583333333333333,24.03,2.96,0
7.375,6.5,25.42,3.05,0
7.75,6.0,25.14,3.03,0
8.125,5.5,25.29,3.03,0
8.5,5.0,28.01,3.22,0
1.5,4.0,29.48,3.3,0
4.666666666666667,3.0,39.05,3.86,0
7.833333333333334,2.0,30.19,3.33,0
11.0,1.0,27.94,3.18,0
47.0,0.0,27.05,3.12,0
36.333333333333336,2.0,27.14,3.12,0
25.666666666666668,4.0,25.95,3.03,0
15.0,6.0,26.24,3.05,0
1.5,1.0,35.6,3.64,0
1.0,0.5,34.88,3.58,0
0.5,0.0,30.22,3.29,0
0.0,0.0,29.65,3.25,0
16.0,0.0,31.11,3.34,0
14.166666666666666,0.0,29.4,3.22,0
12.333333333333334,0.0,27.97,3.13,0
10.5,0.0,27.48,3.09,0
8.666666666666668,2.0,31.33,3.34,0
6.833333333333334,2.0,28.89,3.17,0
5.0,2.0,29.35,3.2,0
3.5,2.5,28.33,3.12,0
23.0,52.0,31.4,3.31,0
33.0,19.5,50.74,4.34,0
8.0,18.5,42.88,3.94,0
20.5,5.5,50.39,4.3,0
17.0,0.0,47.62,4.14,0
13.5,14.0,35.21,3.51,0
13.4,9.333333333333332,39.24,3.73,0
13.3,4.666666666666666,35.48,3.52,0
13.2,0.0,32.29,3.32,0
13.1,0.75,33.41,3.39,0
13.0,1.5,32.2,3.31,0
35.0,40.0,34.65,3.45,0
0.0,31.5,46.03,4.06,0
50.0,23.0,40.47,3.75,0
14.5,36.0,44.91,3.99,0
26.5,11.0,48.22,4.14,0
65.5,65.0,63.81,4.82,0
35.5,55.5,70.41,5.03,0
18.0,23.5,102.78,6.15,1
21.0,29.0,73.38,5.14,0
14.5,6.5,78.97,5.34,0
3.5,4.0,55.59,4.43,0
9.0,8.0,57.28,4.51,0
3.0,4.0,67.91,4.93,0
46.5,64.0,58.07,4.52,0
4.5,16.5,94.57,5.86,0
0.0,1.0,75.3,5.15,0
31.0,34.0,62.46,4.64,0
9.0,7.0,74.25,5.13,0
23.0,17.0,86.78,5.57,0
3.5,5.5,90.16,5.68,0
0.0,3.25,83.26,5.43,0
0.0,1.0,71.58,5.02,0
0.0,1.0,74.02,5.11,0
27.0,19.5,84.06,5.44,0
22.4,14.625,89.12,5.59,0
17.8,9.75,67.73,4.84,0
13.200000000000001,4.875,55.27,4.33,0
8.600000000000001,0.0,51.92,4.19,0
4.0,6.0,49.83,4.08,0
83.0,60.0,64.87,4.73,0
0.0,1.5,90.78,5.65,0
56.5,50.5,89.53,5.58,0
0.0,0.0,118.28,6.44,0
4.5,39.0,89.88,5.57,0
2.25,13.0,73.72,4.99,0
0.0,1.0,90.54,5.6,0
3.0,10.0,89.09,5.55,0
3.5,4.5,86.4,5.45,0
0.0,0.0,78.55,5.18,0
3.75,3.0,72.08,4.93,0
7.5,6.0,61.33,4.51,0
11.75,4.0,61.55,4.52,0
16.0,2.0,56.41,4.3,0
20.25,0.0,51.5,4.08,0
24.5,42.0,57.25,4.33,0
8.5,1.0,83.78,5.34,0
7.0,5.0,75.02,5.0,0
8.0,0.0,82.81,5.28,0
6.0,0.0,66.39,4.66,0
4.0,10.5,65.44,4.64,0
40.0,60.0,70.04,4.81,0
16.0,31.0,78.36,5.11,0
1.0,1.5,73.81,4.93,0
0.0,1.5,63.97,4.57,0
0.0,0.0,67.39,4.7,0
6.5,25.0,64.01,4.57,0
38.5,10.0,59.55,4.38,0
3.0,5.5,96.85,5.74,0
14.5,10.5,94.26,5.62,0
2.0,2.0,88.1,5.44,0
2.25,1.0,86.95,5.4,0
2.5,0.0,72.18,4.88,0
3.375,0.0,70.61,4.83,0
4.25,0.0,74.21,4.96,0
5.125,0.0,81.18,5.21,0
6.0,11.5,75.08,4.99,0
5.3,9.8,74.31,4.99,0
4.6,8.1,64.27,4.99,0
3.9,6.4,59.11,4.99,0
3.2,4.7,56.39,4.99,0
2.5,3.0,54.97,4.99,0
35.0,40.0,65.33,4.99,0
11.0,6.5,70.3,4.99,0
30.25,10.25,85.1,4.99,0
49.5,14.0,75.26,4.99,0
4.0,0.0,66.85,4.99,0
9.5,10.0,63.75,4.99,0
8.0,5.0,65.83,4.99,0
6.5,0.0,61.73,4.99,0
5.0,6.0,59.86,4.99,0
2.0,2.0,63.36,4.99,0
1.75,5.5,62.39,4.99,0
1.5,9.0,57.57,4.99,0
1.25,5.0,65.25,4.99,0
1.0,1.0,62.03,4.99,0
0.0,0.0,61.43,4.99,0
0.0,1.75,55.08,4.99,0
0.0,3.5,53.12,4.99,0
11.000000000000002,5.25,51.66,4.99,0
22.0,7.0,54.36,4.99,0
18.583333333333332,6.083333333333333,53.87,4.99,0
15.166666666666668,5.166666666666667,54.33,4.99,0
11.75,4.25,52.85,4.99,0
8.333333333333334,3.3333333333333335,76.5,4.99,0
4.916666666666668,2.416666666666667,53.92,4.99,0
1.5,1.5,47.46,4.99,0
4.0,3.5,53.96,4.99,0
2.0,0.0,56.65,4.99,0
0.0,0.0,61.0,4.99,0
15.0,33.0,63.6,4.99,0
5.0,9.0,67.2,4.99,0
6.5,5.5,70.5,4.99,0
1.5,1.5,64.18,4.99,0
2.0,2.0,59.89,4.99,0
12.75,11.5,58.49,4.99,0
23.5,21.0,57.68,4.99,0
11.75,26.8,73.83,4.99,0
0.0,32.6,59.83,4.99,0
14.333333333333334,38.400000000000006,54.8,4.99,0
28.666666666666668,44.2,53.16,4.99,0
43.0,50.0,55.23,4.99,0
40.0,42.75,68.69,4.99,0
37.0,35.5,62.31,4.99,0
4.0,4.0,74.57,4.99,0
3.5,4.0,84.18,4.99,0
12.5,7.0,80.78,4.99,0
0.0,0.0,69.56,4.99,0
3.0,4.5,65.2,4.99,0
2.4,3.9,61.29,4.99,0
1.8,3.3,58.69,4.99,0
1.2,2.7,57.88,4.99,0
0.6000000000000001,2.1,54.4,4.99,0
0.0,1.5,53.88,4.99,0
0.0,0.0,55.05,4.99,0
0.0,1.1,54.44,4.99,0
2.25,2.2,53.41,4.99,0
4.5,3.3000000000000003,51.98,4.99,0
6.75,4.4,50.26,4.99,0
9.0,5.5,50.2,4.99,0
37.5,36.0,55.6,4.99,0
8.5,8.5,67.09,4.99,0
9.5,14.5,69.68,4.99,0
15.0,10.0,92.7,4.99,0
17.0,12.5,81.26,4.99,0
19.0,15.0,73.22,4.99,0
8.8,7.0,102.38,4.99,0
6.0,6.5,81.42,4.99,0
23.0,28.0,73.2,4.99,0
21.5,7.5,110.08,4.99,0
20.73076923076923,0.0,138.13,4.99,0
19.96153846153846,0.0,109.09,4.99,0
19.192307692307693,0.0,85.77,4.99,0
18.423076923076923,0.0,72.7,4.99,0
17.653846153846153,0.0,75.94,4.99,0
16.884615384615383,0.0,78.44,4.99,0
16.115384615384613,0.0,73.48,4.99,0
15.346153846153847,0.0,66.56,4.99,0
14.576923076923077,0.0,49.27,4.99,0
13.807692307692307,0.0,57.57,4.99,0
13.038461538461538,0.0,58.1,4.99,0
12.269230769230768,0.0,63.13,4.99,0
11.5,11.0,59.45,4.99,0
11.0,5.499999999999999,83.29,4.99,0
10.5,0.0,83.55,4.99,0
1.0,3.0,66.21,4.99,0
2.333333333333333,13.0,64.62,4.99,0
3.6666666666666665,7.25,96.57,4.99,0
5.0,1.5,63.79,4.99,0
11.5,45.0,64.04,4.99,0
6.0,12.0,101.8,4.99,0
3.0,6.0,98.23,4.99,0
1.0,0.0,92.11,4.99,0
15.500000000000002,12.5,87.77,4.99,0
30.0,25.0,86.26,4.99,0
3.0,15.0,82.32,4.99,0
4.0,5.0,77.92,4.99,0
7.5,9.0,81.37,4.99,0
7.0,4.0,99.99,4.99,0
10.0,13.0,80.82,4.99,0
3.5,7.0,72.52,4.99,0
106.5,66.0,71.82,4.99,0
3.5,4.0,117.48,4.99,0
1.5,0.0,87.69,4.99,0
65.5,66.0,80.26,4.99,0
10.0,12.0,154.97,4.99,0
0.0,0.0,141.88,4.99,0
0.0,1.5,124.09,4.99,0
0.5,3.0,114.17,4.99,0
42.0,12.0,117.58,4.99,1
27.0,14.5,165.93,4.99,1
3.5,7.0,124.97,4.99,0
2.333333333333333,0.0,116.98,4.99,0
1.1666666666666665,0.0,97.69,4.99,0
0.0,0.0,88.13,4.99,0
20.5,19.5,74.1,4.99,0
41.0,25.0,71.57,4.99,0
15.5,10.0,88.29,4.99,0
14.5,16.5,83.03,4.99,0
12.75,16.25,100.79,4.99,1
11.0,16.0,74.26,4.99,0
9.25,15.75,72.32,4.99,0
7.5,15.5,66.32,4.99,0
11.0,16.5,67.93,4.99,0
12.0,12.5,84.93,4.99,0
12.0,11.5,76.08,4.99,0
6.0,6.25,74.8,4.99,0
0.0,1.0,80.19,4.99,0
0.0,0.6666666666666667,90.16,4.99,0
0.0,0.33333333333333337,77.82,4.99,0
0.0,0.0,70.99,4.99,0
6.5,4.5,68.43,4.99,0
5.0,2.5,73.34,4.99,0
65.5,27.5,72.76,4.99,0
45.5,55.0,75.82,4.99,0
22.750000000000004,0.0,69.92,4.99,0
0.0,0.0,65.19,4.99,0
0.75,1.0,62.79,4.99,0
1.5,2.333333333333333,67.11,4.99,0
2.25,3.6666666666666665,62.07,4.99,0
3.0,5.0,60.21,4.99,0
19.0,12.0,65.5,4.99,0
0.0,8.0,61.88,4.99,0
3.0,4.0,59.55,4.99,0
3.5,3.5,63.14,4.99,0
14.2,2.25,63.97,4.99,0
24.9,1.0,59.9,4.99,0
35.599999999999994,3.0,62.73,4.99,0
46.3,5.0,81.48,4.99,0
57.0,57.0,82.92,4.99,0
29.25,47.83333333333333,83.24,4.99,0
1.5,38.666666666666664,65.89,4.99,0
33.0,29.5,65.61,4.99,0
15.0,16.0,81.06,4.99,0
14.4,10.666666666666668,90.39,4.99,0
13.8,5.333333333333334,68.7,4.99,0
13.2,0.0,64.11,4.99,0
12.6,5.500000000000001,63.84,4.99,0
12.0,11.0,63.16,4.99,0
18.0,1.0,79.39,4.99,0
5.5,2.5,71.29,4.99,0
9.25,7.25,64.99,4.99,0
13.0,12.0,63.14,4.99,0
3.0,0.0,64.96,4.99,0
2.0,0.0,64.41,4.99,0
1.0,0.0,61.65,4.99,0
0.5,0.0,64.14,4.99,0
0.0,0.0,65.72,4.99,0
0.0,0.0,62.55,4.99,0
0.0,0.0,58.41,4.99,0
0.0,0.0,57.94,4.99,0
0.0,0.0,58.97,4.99,0
0.0,0.0,62.1,4.99,0
3.0,6.5,62.95,4.99,0
20.5,19.5,73.82,4.99,0
17.9375,17.0625,88.89,4.99,0
15.375,14.625,66.12,4.99,0
12.8125,12.1875,59.28,4.99,0
10.25,9.75,54.75,4.99,0
7.687499999999998,7.3125,51.98,4.99,0
5.124999999999998,4.875,51.49,4.99,0
2.5625,2.4375,51.56,4.99,0
0.0,0.0,50.82,4.99,0
3.0,2.0,57.21,4.99,0
3.2857142857142856,2.0,62.28,4.99,0
3.571428571428571,2.0,55.97,4.99,0
3.857142857142857,2.0,51.77,4.99,0
4.142857142857142,2.0,51.13,4.99,0
4.428571428571429,2.0,49.78,4.99,0
4.714285714285714,2.0,49.99,4.99,0
5.0,2.0,50.49,4.99,0
32.0,42.0,57.78,4.99,0
32.0,41.0,76.2,4.99,0
4.5,6.0,120.79,4.99,0
4.6923076923076925,5.333333333333333,92.17,4.99,0
4.884615384615385,4.666666666666667,70.8,4.99,0
5.076923076923077,4.0,61.18,4.99,0
5.269230769230769,3.3333333333333335,56.69,4.99,0
5.461538461538462,2.666666666666667,53.85,4.99,0
5.653846153846154,2.0000000000000004,51.47,4.99,0
5.846153846153847,1.333333333333334,51.68,4.99,0
6.038461538461538,0.666666666666667,50.94,4.99,0
6.230769230769231,0.0,49.48,4.99,0
6.423076923076923,0.0,48.59,4.99,0
6.615384615384615,0.0,47.91,4.99,0
6.807692307692308,0.0,46.59,4.99,0
7.0,0.0,47.82,4.99,0
6.583333333333333,0.0,46.86,4.99,0
6.166666666666667,0.0,45.71,4.99,0
5.75,0.0,44.31,4.99,0
5.333333333333333,0.0,44.79,4.99,0
4.916666666666666,0.0,44.02,4.99,0
4.5,0.0,44.6,4.99,0
4.083333333333334,0.0,43.69,4.99,0
3.6666666666666665,0.0,43.84,4.99,0
3.25,0.0,43.89,4.99,0
2.833333333333333,0.0,43.6,4.99,0
2.416666666666667,0.0,43.27,4.99,0
2.0,0.0,43.87,4.99,0
2.5,0.5,44.93,4.99,0
3.0,1.0,53.36,4.99,0
42.0,0.5,62.51,4.99,0
1.0,0.0,55.92,4.99,0
3.0,3.0,51.53,4.99,0
14.0,6.5,53.84,4.99,0
13.928571428571429,5.2,54.12,4.99,0
13.857142857142858,3.9,50.26,4.99,0
13.785714285714286,2.6,47.9,4.99,0
13.714285714285714,1.2999999999999998,45.8,4.99,0
13.642857142857142,0.0,44.73,4.99,0
13.571428571428571,1.625,45.59,4.99,0
13.5,3.25,43.92,4.99,0
13.428571428571429,4.875,44.13,4.99,0
13.357142857142858,6.5,43.17,4.99,0
13.285714285714286,8.125,43.35,4.99,0
13.214285714285714,9.75,43.11,4.99,0
13.142857142857142,11.375,41.89,4.99,0
13.071428571428571,13.0,41.9,4.99,0
13.0,18.5,42.99,4.99,0
6.5,18.375,43.82,4.99,0
0.0,18.25,42.21,4.99,0
12.750000000000002,18.125,43.5,4.99,0
25.5,18.0,46.66,4.99,0
9.0,27.0,50.05,4.99,0
1.0,15.75,48.42,4.99,0
1.0,4.5,46.59,4.99,0
4.5,5.0,49.87,4.99,0
0.5,0.0,73.96,4.99,0
33.0,13.0,62.28,4.99,0
14.5,15.5,71.91,4.99,0
7.0,6.5,91.7,4.99,0
3.5,4.0,82.04,4.99,0
4.0,0.0,65.95,4.99,0
4.5,1.0,58.64,4.99,0
5.0,2.0,52.0,4.99,0
5.5,3.0,50.95,4.99,0
3.0,1.5,53.08,4.99,0
2.8,1.9,50.05,4.99,0
2.6,2.3,46.19,4.99,0
2.4,2.7,45.23,4.99,0
2.2,3.0999999999999996,46.74,4.99,0
2.0,3.5,45.99,4.99,0
0.0,0.0,53.14,4.99,0
0.0,0.6666666666666666,48.99,4.99,0
0.0,1.3333333333333333,46.42,4.99,0
0.0,1.9999999999999998,45.13,4.99,0
0.0,2.6666666666666665,44.13,4.99,0
0.0,3.333333333333333,43.18,4.99,0
0.0,4.0,42.42,4.99,0
0.0,7.5,43.55,4.99,0
0.0,11.0,44.59,4.99,0
13.5,10.5,46.67,4.99,0
26.5,31.0,51.88,4.99,0
2.0,4.0,103.96,4.99,0
1.0,11.75,97.87,4.99,0
35.5,19.5,82.27,4.99,0
10.5,41.0,102.28,4.99,1
28.0,28.5,109.29,4.99,1
4.0,6.0,112.26,4.99,0
0.0,0.0,90.46,4.99,0
0.0,6.333333333333334,72.82,4.99,0
11.25,12.666666666666668,68.42,4.99,0
22.5,19.0,66.66,4.99,0
14.0,1.0,92.8,4.99,0
31.5,23.0,81.54,4.99,0
31.5,11.5,69.21,4.99,0
31.5,0.0,65.25,4.99,0
31.5,44.0,71.13,4.99,0
8.5,12.5,91.72,4.99,0
9.5,11.0,89.65,4.99,0
12.0,10.5,100.72,4.99,1
54.0,37.5,108.93,4.99,1
0.0,28.0,150.65,4.99,0
3.0,18.5,118.77,4.99,0
8.5,9.0,98.11,4.99,0
0.0,0.0,101.04,4.99,0
3.8333333333333335,3.3333333333333335,81.7,4.99,0
7.666666666666667,6.666666666666667,71.47,4.99,0
11.5,10.0,65.09,4.99,0
0.0,13.333333333333334,61.21,4.99,0
21.0,16.666666666666668,57.96,4.99,0
42.0,20.0,60.66,4.99,0
1.5,6.5,85.34,4.99,0
12.5,2.0,80.51,4.99,0
18.0,17.0,75.24,4.99,0
6.0,11.5,89.33,4.99,0
7.0,11.0,88.33,4.99,0
23.5,19.0,91.28,4.99,0
0.0,11.0,88.73,4.99,0
0.0,1.5,81.49,4.99,0
24.5,19.0,84.33,4.99,0
4.0,0.0,86.38,4.99,0
3.0,0.0,111.54,4.99,0
6.0,28.0,109.21,4.99,0
7.5,6.0,109.5,4.99,0
3.75,0.0,106.56,4.99,0
0.0,5.500000000000001,87.36,4.99,0
0.0,11.000000000000002,76.58,4.99,0
17.0,16.5,73.75,4.99,0
13.5,12.375,92.61,4.99,0
10.0,8.25,72.48,4.99,0
6.5,4.125,63.73,4.99,0
3.0,0.0,61.83,4.99,0
0.0,0.0,69.02,4.99,0
0.0,0.0,71.92,4.99,0
5.0,8.0,83.77,4.99,0
11.5,12.0,106.16,4.99,1
0.0,0.0,114.19,4.99,0
57.5,41.0,110.77,4.99,1
13.0,8.5,103.29,4.99,0
7.25,15.75,96.23,4.99,0
1.5,23.0,82.54,4.99,0
9.5,40.0,129.27,4.99,0
15.0,5.0,138.77,4.99,0
5.5,0.0,128.91,4.99,0
27.5,23.5,134.18,4.99,1
6.5,20.0,129.41,4.99,0
30.0,21.0,116.51,4.99,1
14.0,21.0,123.81,4.99,1
9.333333333333332,10.5,113.7,4.99,0
4.666666666666666,0.0,98.87,4.99,0
0.0,3.5,88.49,4.99,0
53.5,35.0,126.2,4.99,1
0.0,17.5,121.46,4.99,0
8.5,0.0,98.98,4.99,0
10.0,19.0,107.39,4.99,0
14.5,0.0,113.3,4.99,0
3.0,17.0,121.0,4.99,0
20.0,23.0,130.98,4.99,1
0.0,11.5,127.66,4.99,0
5.5,0.0,112.71,4.99,0
2.7499999999999996,0.0,100.09,4.99,0
0.0,0.0,86.74,4.99,0
4.25,4.5,81.15,4.99,0
8.5,9.0,75.33,4.99,0
5.5,5.5,75.6,4.99,0
16.0,17.5,80.69,4.99,0
8.0,0.0,98.42,4.99,0
0.0,0.0,78.83,4.99,0
0.0,11.5,73.64,4.99,0
0.0,0.0,79.95,4.99,0
0.0,0.0,77.0,4.99,0
0.0,0.0,56.48,4.99,0
0.0,2.0,50.13,4.99,0
3.5,0.0,47.59,4.99,0
7.0,8.0,44.69,4.99,0
6.0,0.0,45.4,4.99,0
5.0,0.6666666666666666,43.53,4.99,0
4.0,1.3333333333333333,42.16,4.99,0
3.0,2.0,41.89,4.99,0
2.0,1.5,42.95,4.99,0
1.0,0.0,54.71,4.99,0
0.0,0.0,52.65,4.99,0
0.3333333333333333,0.5,46.19,4.99,0
0.6666666666666666,1.0,46.22,4.99,0
1.0,1.5,43.69,4.99,0
2.875,0.0,42.04,4.99,0
4.75,2.1666666666666665,52.49,4.99,0
6.625,4.333333333333333,48.12,4.99,0
8.5,6.5,52.35,4.99,0
12.0,3.25,59.8,4.99,0
15.5,0.0,51.87,4.99,0
19.0,15.5,58.8,4.99,0
0.0,0.0,66.0,4.99,0
4.0,9.0,53.95,4.99,0
0.0,1.0,67.05,4.99,0
9.5,9.0,67.69,4.99,0
0.0,0.0,62.58,4.99,0
3.25,0.0,52.95,4.99,0
6.5,5.5,45.75,4.99,0
4.875,4.125,49.11,4.99,0
3.25,2.7499999999999996,45.14,4.99,0
1.625,1.375,43.21,4.99,0
0.0,0.0,42.18,4.99,0
0.0,0.0,41.28,4.99,0
0.0,0.0,39.6,4.99,0
0.0,0.0,40.31,4.99,0
0.0,0.19999999999999998,39.73,4.99,0
0.0,0.39999999999999997,38.57,4.99,0
0.0,0.6,37.08,4.99,0
0.0,0.7999999999999999,36.74,4.99,0
0.0,1.0,36.19,4.99,0
13.0,14.5,38.24,4.99,0
12.0,12.0,47.62,4.99,0
7.5,3.5,54.93,4.99,0
6.0,5.0,49.63,4.99,0
6.0,6.0,44.49,4.99,0
8.5,7.0,43.42,4.99,0
1.5,1.0,44.3,4.99,0
5.5,5.5,45.6,4.99,0
1.0,1.5,44.05,4.99,0
0.5,0.0,43.7,4.99,0
0.0,1.0,44.0,4.99,0
0.0,2.333333333333333,42.63,4.99,0
0.0,3.6666666666666665,41.96,4.99,0
16.0,5.0,40.51,4.99,0
34.0,30.5,51.94,4.99,0
1.5,1.0,53.95,4.99,0
19.0,18.0,48.07,4.99,0
2.5,1.5,55.96,4.99,0
0.0,0.0,49.59,4.99,0
0.0,19.5,44.35,4.99,0
0.0,0.0,52.13,4.99,0
0.0,11.5,49.44,4.99,0
0.0,11.75,43.26,4.99,0
0.0,12.0,41.16,4.99,0
0.0,12.25,40.04,4.99,0
0.0,12.5,42.2,4.99,0
0.0,12.75,46.24,4.99,0
0.0,13.0,45.95,4.99,0
0.0,32.0,50.71,4.99,0
0.0,25.75,55.37,4.99,0
0.0,19.5,43.38,4.99,0
0.0,13.25,38.76,4.99,0
0.0,7.0,36.94,4.99,0
0.0,10.0,39.38,4.99,0
0.0,38.25,39.11,4.99,0
0.0,66.5,42.41,4.99,0
0.0,0.0,67.87,4.99,0
0.0,10.0,55.06,4.99,0
0.0,24.5,54.38,4.99,0
0.0,16.5,66.8,4.99,0
0.0,35.5,71.29,4.99,0
0.0,4.5,90.55,4.99,0
0.0,35.0,76.0,4.99,0
0.0,90.0,77.86,4.99,0
0.0,36.0,80.62,4.99,0
0.0,0.0,94.84,4.99,0
0.0,0.0,76.15,4.99,0
0.0,0.0,61.36,4.99,0
0.0,0.0,55.03,4.99,0
0.0,8.0,51.12,4.99,0
0.0,1.0,60.38,4.99,0
5.0,14.0,55.17,4.99,0
4.75,0.0,58.46,4.99,0
4.5,0.0,46.51,4.99,0
4.25,0.0,43.9,4.99,0
4.0,0.0,44.55,4.99,0
3.75,0.0,40.66,4.99,0
3.5,0.8333333333333334,45.7,4.99,0
3.25,1.6666666666666667,41.88,4.99,0
3.0,2.5,42.09,4.99,0
4.0,4.5,41.09,4.99,0
5.0,4.0,40.78,4.99,0
18.25,12.0,45.52,4.99,0
31.5,20.0,45.62,4.99,0
15.75,11.0,71.08,4.99,0
0.0,2.0,61.15,4.99,0
14.0,5.5,57.43,4.99,0
9.0,10.0,48.24,4.99,0
8.0,0.0,46.19,4.99,0
7.0,16.5,47.48,4.99,0
23.0,31.5,44.29,4.99,0
32.75,31.75,46.59,4.99,0
42.5,32.0,43.86,4.99,0
24.0,24.5,45.59,4.99,0
5.5,12.0,53.76,4.99,0
88.5,4.5,53.11,4.99,0
62.75,13.75,53.33,4.99,0
37.0,23.0,52.09,4.99,0
26.75,0.0,60.41,4.99,0
16.5,14.0,51.46,4.99,0
0.0,0.0,79.69,4.99,0
15.75,15.5,54.03,4.99,0
31.5,31.0,60.96,4.99,0
9.5,46.0,87.97,4.99,0
23.5,16.5,98.39,4.99,0
2.0,0.0,115.9,4.99,0
50.0,15.0,90.61,4.99,0
40.0,14.0,85.95,4.99,0
32.2,0.0,85.86,4.99,0
24.4,0.0,66.47,4.99,0
16.6,0.0,57.03,4.99,0
8.8,0.0,52.4,4.99,0
1.0,0.0,55.34,4.99,0
3.7500000000000004,0.8571428571428571,53.23,4.99,0
6.500000000000001,1.7142857142857142,45.14,4.99,0
9.25,2.5714285714285716,42.74,4.99,0
12.000000000000002,3.4285714285714284,41.34,4.99,0
14.750000000000002,4.285714285714286,40.31,4.99,0
17.5,5.142857142857143,40.0,4.99,0
20.250000000000004,6.0,39.99,4.99,0
23.0,16.5,44.93,4.99,0
39.0,34.0,44.82,4.99,0
26.75,0.0,40.88,4.99,0
14.5,27.0,39.62,4.99,0
0.0,0.0,38.74,4.99,0
1.3750000000000002,0.0,37.12,4.99,0
2.7500000000000004,0.0,37.04,4.99,0
4.125,0.0,36.84,4.99,0
5.5,0.0,34.39,4.99,0
6.9,0.0,42.26,4.99,0
8.3,0.0,40.43,4.99,0
9.7,0.0,34.86,4.99,0
11.1,0.0,33.62,4.99,0
12.5,0.0,34.19,4.99,0
6.0,3.0,34.13,4.99,0
16.0,14.5,43.67,4.99,0
16.0,0.0,46.66,4.99,0
13.714285714285715,0.875,39.14,4.99,0
11.428571428571429,1.75,36.58,4.99,0
9.142857142857142,2.625,35.26,4.99,0
6.857142857142858,3.5,33.63,4.99,0
4.571428571428571,4.375,32.52,4.99,0
2.2857142857142865,5.25,32.06,4.99,0
0.0,6.125,31.6,4.99,0
8.5,7.0,31.32,4.99,0
3.0,1.5,31.79,4.99,0
37.5,50.0,37.29,4.99,0
30.166666666666668,0.0,44.71,4.99,0
22.833333333333336,5.75,42.04,4.99,0
15.5,11.5,40.85,4.99,0
31.5,0.0,66.61,4.99,0
47.5,8.333333333333332,50.66,4.99,0
63.5,16.666666666666664,42.1,4.99,0
79.5,25.0,38.07,4.99,0
0.0,18.25,37.15,4.99,0
18.0,11.5,36.88,4.99,0
23.0,17.25,41.85,4.99,0
28.0,23.0,43.18,4.99,0
24.7,17.25,42.48,4.99,0
21.4,11.5,37.05,4.99,0
18.1,5.75,35.13,4.99,0
14.8,0.0,33.22,4.99,0
11.5,20.0,34.18,4.99,0
6.75,10.75,33.28,4.99,0
2.0,1.5,32.37,4.99,0
8.5,2.0,32.89,4.99,0
15.0,3.5,38.83,4.99,0
21.5,16.5,37.93,4.99,0
28.0,29.5,37.71,4.99,0
26.77777777777778,28.61111111111111,47.32,4.99,0
25.555555555555557,27.72222222222222,39.66,4.99,0
24.333333333333332,26.833333333333332,36.05,4.99,0
23.11111111111111,25.944444444444443,33.88,4.99,0
21.88888888888889,25.055555555555557,31.78,4.99,0
20.666666666666664,24.166666666666668,31.09,4.99,0
19.444444444444443,23.27777777777778,30.33,4.99,0
18.22222222222222,22.38888888888889,29.87,4.99,0
17.0,21.5,29.9,4.99,0
15.777777777777777,20.61111111111111,29.0,4.99,0
14.555555555555555,19.72222222222222,28.21,4.99,0
13.333333333333332,18.833333333333336,27.3,4.99,0
12.11111111111111,17.944444444444443,28.32,4.99,0
10.88888888888889,17.055555555555557,29.09,4.99,0
9.666666666666668,16.166666666666664,27.45,4.99,0
8.444444444444443,15.277777777777779,27.73,4.99,0
7.222222222222221,14.38888888888889,28.43,4.99,0
6.0,13.5,33.49,4.99,0
6.708333333333333,11.571428571428571,31.21,4.99,0
7.416666666666667,9.642857142857142,28.99,4.99,0
8.125,7.714285714285714,27.56,4.99,0
8.833333333333334,5.7857142857142865,27.4,4.99,0
9.541666666666668,3.8571428571428577,27.28,4.99,0
10.25,1.9285714285714288,29.38,4.99,0
10.958333333333334,0.0,27.84,4.99,0
11.666666666666668,0.0,28.73,4.99,0
12.375,0.0,28.41,4.99,0
13.083333333333334,0.0,27.5,4.99,0
13.791666666666668,0.0,27.47,4.99,0
14.5,0.0,27.19,4.99,0
13.775,0.0,27.57,4.99,0
13.05,0.0,27.15,4.99,0
12.325,0.0,27.45,4.99,0
11.6,0.0,27.03,4.99,0
10.875,0.0,27.08,4.99,0
10.149999999999999,0.0,26.13,4.99,0
9.425,0.0,26.52,4.99,0
8.7,0.0,26.47,4.99,0
7.975,0.0,25.84,4.99,0
7.25,0.0,25.86,4.99,0
6.5249999999999995,0.0,25.41,4.99,0
5.799999999999999,0.0,25.25,4.99,0
5.074999999999999,0.0,25.24,4.99,0
4.35,0.0,25.56,4.99,0
3.625,0.0,25.25,4.99,0
2.9000000000000004,0.0,25.22,4.99,0
2.174999999999999,0.0,25.79,4.99,0
1.4499999999999993,0.0,24.82,4.99,0
0.7249999999999996,0.0,15.1,4.99,0
0.0,0.0,14.2,4.99,0
0.0,0.041666666666666664,14.81,4.99,0
0.0,0.08333333333333333,24.78,4.99,0
0.0,0.12499999999999999,25.68,4.99,0
0.0,0.16666666666666666,25.35,4.99,0
0.0,0.20833333333333331,24.4,4.99,0
0.0,0.24999999999999997,14.37,4.99,0
0.0,0.29166666666666663,17.1,4.99,0
0.0,0.3333333333333333,18.2,4.99,0
0.0,0.37499999999999994,14.42,4.99,0
0.0,0.41666666666666663,13.62,4.99,0
0.0,0.4583333333333333,13.62,4.99,0
0.0,0.49999999999999994,13.62,4.99,0
0.0,0.5416666666666666,13.62,4.99,0
0.0,0.5833333333333333,13.62,4.99,0
0.0,0.6249999999999999,13.62,4.99,0
0.0,0.6666666666666666,13.63,4.99,0
0.0,0.7083333333333333,13.63,4.99,0
0.0,0.7499999999999999,13.63,4.99,0
0.0,0.7916666666666666,13.63,4.99,0
0.0,0.8333333333333333,17.16,4.99,0
0.0,0.8749999999999999,17.98,4.99,0
0.0,0.9166666666666666,14.4,4.99,0
0.0,0.9583333333333333,13.64,4.99,0
0.0,1.0,13.64,4.99,0
0.0,2.9000000000000004,18.32,4.99,0
0.0,4.800000000000001,27.07,4.99,0
0.0,6.7,25.98,4.99,0
0.0,8.600000000000001,24.72,4.99,0
0.0,10.5,20.6,4.99,0
0.0,12.4,20.59,4.99,0
0.0,14.3,17.76,4.99,0
0.0,16.200000000000003,14.36,4.99,0
0.0,18.1,17.04,4.99,0
0.0,20.0,14.37,4.99,0
0.0,21.900000000000002,14.37,4.99,0
0.0,23.8,19.73,4.99,0
0.0,25.700000000000003,13.66,4.99,0
0.0,27.6,13.66,4.99,0
0.0,29.500000000000004,13.66,4.99,0
0.0,31.400000000000002,13.66,4.99,0
0.0,33.300000000000004,13.66,4.99,0
0.0,35.2,13.67,4.99,0
0.0,37.1,14.67,4.99,0
0.0,39.0,23.18,4.99,0
0.7,40.900000000000006,25.76,4.99,0
1.4,42.800000000000004,18.98,4.99,0
2.1,44.7,17.98,4.99,0
2.8,46.6,13.68,4.99,0
3.5,48.5,13.68,4.99,0
4.2,50.400000000000006,13.68,4.99,0
4.9,52.300000000000004,14.44,4.99,0
5.6,54.2,26.77,4.99,0
6.3,56.1,25.97,4.99,0
7.0,58.0,26.04,4.99,0
10.75,31.25,25.94,4.99,0
14.5,4.5,28.06,4.99,0
5.0,11.0,29.39,4.99,0
29.0,3.5,42.92,4.99,0
20.5,14.5,38.83,4.99,0
17.083333333333332,13.647058823529411,34.71,4.99,0
13.666666666666668,12.794117647058824,30.71,4.99,0
10.25,11.941176470588236,27.97,4.99,0
6.833333333333334,11.088235294117647,27.59,4.99,0
3.416666666666668,10.235294117647058,26.84,4.99,0
0.0,9.382352941176471,27.12,4.99,0
0.3333333333333333,8.529411764705882,27.27,4.99,0
0.6666666666666666,7.676470588235294,28.07,4.99,0
1.0,6.823529411764706,27.99,4.99,0
0.8,5.970588235294118,32.11,4.99,0
0.6000000000000001,5.117647058823529,29.37,4.99,0
0.4,4.26470588235294,28.47,4.99,0
0.20000000000000007,3.4117647058823533,28.21,4.99,0
0.0,2.5588235294117645,27.45,4.99,0
1.6666666666666667,1.7058823529411757,27.4,4.99,0
3.3333333333333335,0.8529411764705888,26.83,4.99,0
5.0,0.0,29.59,4.99,0
15.0,13.0,34.32,4.99,0
0.5,35.0,32.84,4.99,0
34.0,27.25,32.34,4.99,0
26.5,19.5,36.22,4.99,0
19.0,24.0,37.85,4.99,0
22.0,19.2,41.27,4.99,0
1.0,14.4,35.6,4.99,0
1.8333333333333335,9.6,33.19,4.99,0
2.666666666666667,4.800000000000001,30.9,4.99,0
3.5,0.0,29.71,4.99,0
2.0,7.0,30.41,4.99,0
1.0,12.75,30.86,4.99,0
11.0,18.5,30.09,4.99,0
11.5,0.0,37.74,4.99,0
12.0,10.5,36.09,4.99,0
30.5,67.0,46.52,4.99,0
26.0,17.0,54.09,4.99,0
23.5,19.25,39.93,4.99,0
21.0,21.5,40.34,4.99,0
7.5,5.0,93.54,4.99,0
1.0,4.0,61.84,4.99,0
21.0,113.5,42.14,4.99,0
2.5,3.0,43.43,4.99,0
66.0,54.0,45.03,4.99,0
8.5,10.0,43.86,4.99,0
13.75,29.0,49.09,4.99,0
19.0,48.0,43.16,4.99,0
3.0,34.5,53.93,4.99,0
4.5,21.0,49.31,4.99,0
13.416666666666666,1.5,49.85,4.99,0
22.333333333333332,1.0,56.98,4.99,0
31.25,0.5,45.23,4.99,0
40.166666666666664,0.0,42.62,4.99,0
49.083333333333336,1.0,42.67,4.99,0
58.0,66.0,39.52,4.99,0
33.75,6.0,45.4,4.99,0
9.5,0.0,45.89,4.99,0
8.9,0.0,45.02,4.99,0
8.3,0.0,40.97,4.99,0
7.7,0.0,39.59,4.99,0
7.1,0.0,40.08,4.99,0
6.5,0.0,51.13,4.99,0
15.0,13.0,77.19,4.99,0
52.5,26.0,85.88,4.99,0
4.0,15.0,84.82,4.99,0
7.0,2.5,98.07,4.99,0
15.0,15.0,94.45,4.99,0
19.5,20.0,76.01,4.99,0
18.5,12.5,69.24,4.99,0
33.0,15.0,88.94,4.99,0
