Tanggal,curah_hujan_DK,curah_hujan_BS,debit_sungai_m3_per_detik,tinggi_muka_air_m
2015-01-01,33.0,1.0,130.5,5.63
2015-01-02,0.0,,93.5,4.98
2015-01-03,0.0,20.5,79.12,4.69
2015-01-04,11.5,2.0,91.08,4.94
2015-01-05,2.0,,76.0,4.61
2015-01-06,,,55.8,4.14
2015-01-07,,1.0,57.57,4.19
2015-01-08,,,43.34,3.8
2015-01-09,,,37.55,3.64
2015-01-10,,,33.85,3.52
2015-01-11,,,35.62,3.58
2015-01-12,,1.0,28.79,3.35
2015-01-13,,6.5,31.9,3.45
2015-01-14,11.0,1.5,40.71,3.73
2015-01-15,2.5,4.5,42.29,3.77
2015-01-16,6.5,2.0,39.06,3.67
2015-01-17,3.0,1.0,34.69,3.54
2015-01-18,0.0,2.0,33.56,3.5
2015-01-19,3.5,1.5,33.88,3.51
2015-01-20,1.0,14.0,36.98,3.61
2015-01-21,15.5,32.0,84.49,4.8
2015-01-22,84.0,2.0,105.05,5.16
2015-01-23,3.0,0.0,73.38,4.54
2015-01-24,0.0,28.5,74.38,4.57
2015-01-25,26.5,35.0,101.97,5.11
2015-01-26,62.5,0.0,102.91,5.1
2015-01-27,0.0,0.0,64.47,4.33
2015-01-28,0.0,0.0,59.96,4.22
2015-01-29,0.0,18.5,78.85,4.65
2015-01-30,9.0,3.5,91.09,4.89
2015-01-31,1.5,4.0,91.97,4.92
2015-02-01,4.0,11.0,97.53,5.04
2015-02-02,3.0,0.0,95.1,4.97
2015-02-03,2.0,2.0,73.64,4.53
2015-02-04,2.5,8.5,83.54,4.75
2015-02-05,5.0,2.5,100.03,5.08
2015-02-06,0.0,18.5,116.01,5.34
2015-02-07,14.0,12.0,147.09,5.87
2015-02-08,8.0,1.0,152.71,5.95
2015-02-09,1.5,2.5,116.86,5.37
2015-02-10,4.0,0.0,111.57,5.27
2015-02-11,0.0,8.5,118.1,5.38
2015-02-12,20.5,5.0,145.51,5.83
2015-02-13,1.0,2.5,131.17,5.6
2015-02-14,2.0,,95.84,4.97
2015-02-15,,,77.02,4.59
2015-02-16,,23.0,75.16,4.56
2015-02-17,14.0,5.0,84.2,4.74
2015-02-18,4.0,10.0,104.2,5.14
2015-02-19,10.5,2.5,139.22,5.74
2015-02-20,4.0,,105.67,5.15
2015-02-21,0.0,,84.72,4.74
2015-02-22,,,68.02,4.38
2015-02-23,,,68.58,4.4
2015-02-24,,,58.1,4.13
2015-02-25,,,45.18,3.79
2015-02-26,,2.0,45.85,3.82
2015-02-27,,3.0,57.82,4.14
2015-02-28,,17.0,70.79,4.44
2015-03-01,,0.0,89.44,4.83
2015-03-02,2.0,1.5,90.77,4.86
2015-03-03,2.5,6.0,76.96,4.57
2015-03-04,,1.0,62.73,4.25
2015-03-05,6.0,,60.8,4.2
2015-03-06,0.0,,60.24,4.19
2015-03-07,0.0,0.0,50.55,3.94
2015-03-08,0.0,0.0,48.4,3.88
2015-03-09,0.0,,45.69,3.8
2015-03-10,,,40.48,3.65
2015-03-11,,9.0,40.76,3.66
2015-03-12,14.5,9.5,55.5,4.07
2015-03-13,10.0,,56.79,4.09
2015-03-14,,0.0,46.8,3.82
2015-03-15,,14.0,66.57,4.34
2015-03-16,13.0,,83.58,4.7
2015-03-17,,,76.8,4.55
2015-03-18,0.0,6.5,85.37,4.74
2015-03-19,14.5,18.0,109.64,5.2
2015-03-20,15.5,6.5,127.0,5.5
2015-03-21,5.5,1.5,117.47,5.33
2015-03-22,1.0,31.0,111.11,5.22
2015-03-23,13.5,0.0,105.78,5.11
2015-03-24,19.5,2.0,97.28,4.96
2015-03-25,1.5,30.5,107.52,5.15
2015-03-26,24.5,3.5,106.44,5.12
2015-03-27,4.5,26.5,90.02,4.81
2015-03-28,28.0,27.5,107.4,5.14
2015-03-29,,10.0,109.55,5.19
2015-03-30,,7.0,82.02,4.63
2015-03-31,,4.0,104.27,5.08
2015-04-01,5.0,55.0,104.98,5.09
2015-04-02,56.0,,156.26,5.97
2015-04-03,0.0,7.5,112.61,5.21
2015-04-04,1.0,73.0,124.69,5.41
2015-04-05,65.0,2.5,194.33,6.49
2015-04-06,,0.0,121.7,5.36
2015-04-07,0.0,,105.48,5.09
2015-04-08,20.0,1.0,86.68,4.73
2015-04-09,1.5,1.0,106.33,5.11
2015-04-10,0.0,0.0,82.03,4.62
2015-04-11,,4.5,76.4,4.52
2015-04-12,5.5,7.5,79.8,4.58
2015-04-13,17.5,8.0,100.43,5.0
2015-04-14,7.0,60.5,92.99,4.85
2015-04-15,33.5,10.5,131.38,5.55
2015-04-16,9.5,4.0,129.83,5.51
2015-04-17,32.0,,114.81,5.24
2015-04-18,0.0,0.0,104.03,5.04
2015-04-19,0.0,20.5,91.83,4.82
2015-04-20,17.0,7.5,101.74,5.01
2015-04-21,50.0,1.0,81.92,4.61
2015-04-22,0.0,,75.4,4.47
2015-04-23,,,66.11,4.26
2015-04-24,,,60.95,4.14
2015-04-25,,,56.86,4.04
2015-04-26,,,56.49,4.03
2015-04-27,,0.0,55.52,4.01
2015-04-28,,0.0,60.57,4.13
2015-04-29,,,54.8,3.98
2015-04-30,,,63.73,4.21
2015-05-01,,7.0,57.24,4.04
2015-05-02,1.5,4.0,68.07,4.31
2015-05-03,7.0,10.5,104.8,5.05
2015-05-04,16.0,2.0,113.8,5.2
2015-05-05,2.5,3.0,92.71,4.8
2015-05-06,0.0,7.5,87.08,4.7
2015-05-07,6.5,,117.27,5.27
2015-05-08,,3.0,70.65,4.34
2015-05-09,17.0,,64.12,4.2
2015-05-10,,,88.83,4.74
2015-05-11,,,51.29,3.86
2015-05-12,,,45.46,3.72
2015-05-13,,,44.36,3.69
2015-05-14,,,45.29,3.71
2015-05-15,,8.0,42.72,3.64
2015-05-16,27.0,0.0,55.25,3.98
2015-05-17,,,45.1,3.7
2015-05-18,,17.0,41.99,3.61
2015-05-19,,0.0,41.01,3.58
2015-05-20,0.0,,38.42,3.5
2015-05-21,,,35.8,3.42
2015-05-22,,,34.71,3.38
2015-05-23,,,32.45,3.31
2015-05-24,,,31.74,3.28
2015-05-25,,,31.44,3.27
2015-05-26,,3.0,34.33,3.37
2015-05-27,,4.5,37.62,3.47
2015-05-28,31.0,0.0,39.55,3.52
2015-05-29,,,34.12,3.35
2015-05-30,,,32.69,3.31
2015-05-31,,,30.51,3.23
2015-06-01,,5.5,31.01,3.25
2015-06-02,10.5,,35.57,3.4
2015-06-03,,,36.09,3.41
2015-06-04,,,32.81,3.3
2015-06-05,,,32.3,3.29
2015-06-06,,,31.0,3.24
2015-06-07,,,28.95,3.17
2015-06-08,,,30.44,3.22
2015-06-09,,,32.24,3.28
2015-06-10,,,38.35,3.47
2015-06-11,,,34.57,3.36
2015-06-12,,,31.35,3.25
2015-06-13,,,32.11,3.27
2015-06-14,,,27.05,3.09
2015-06-15,,,26.71,3.08
2015-06-16,,,27.21,3.1
2015-06-17,,,26.76,3.08
2015-06-18,,,27.18,3.09
2015-06-19,,,26.14,3.05
2015-06-20,,,24.79,3.01
2015-06-21,,,24.72,3.0
2015-06-22,,,24.03,2.97
2015-06-23,,,22.57,2.91
2015-06-24,,,21.73,2.88
2015-06-25,,,21.26,2.86
2015-06-26,,,21.18,2.86
2015-06-27,,,22.64,2.91
2015-06-28,,,22.68,2.91
2015-06-29,,,21.63,2.87
2015-06-30,,,20.91,2.83
2015-07-01,,,21.48,2.86
2015-07-02,,,21.42,2.85
2015-07-03,,,20.36,2.81
2015-07-04,,,20.77,2.82
2015-07-05,,,18.56,2.73
2015-07-06,,,19.56,2.77
2015-07-07,,,20.09,2.79
2015-07-08,,,19.3,2.76
2015-07-09,,,19.29,2.76
2015-07-10,,,18.86,2.73
2015-07-11,,,18.87,2.74
2015-07-12,,,18.4,2.71
2015-07-13,,,19.25,2.75
2015-07-14,,,20.54,2.8
2015-07-15,,,27.81,3.04
2015-07-16,,,19.18,2.74
2015-07-17,,,18.97,2.73
2015-07-18,,,18.1,2.69
2015-07-19,,,17.58,2.67
2015-07-20,,2.0,17.88,2.68
2015-07-21,1.0,,17.15,2.65
2015-07-22,,,17.54,2.67
2015-07-23,,,17.59,2.67
2015-07-24,,,17.14,2.64
2015-07-25,,,17.66,2.67
2015-07-26,,,20.85,2.8
2015-07-27,,,19.54,2.75
2015-07-28,,,19.12,2.72
2015-07-29,,,17.43,2.65
2015-07-30,,,17.09,2.63
2015-07-31,,1.0,18.18,2.68
2015-08-01,1.5,,24.77,2.95
2015-08-02,,,20.12,2.76
2015-08-03,,,17.99,2.67
2015-08-04,,,17.68,2.66
2015-08-05,,,17.35,2.64
2015-08-06,,,17.45,2.64
2015-08-07,,,17.11,2.62
2015-08-08,,,17.63,2.65
2015-08-09,,,16.01,2.57
2015-08-10,,,16.97,2.61
2015-08-11,,,16.16,2.57
2015-08-12,,67.0,23.21,2.87
2015-08-13,33.0,,26.23,2.97
2015-08-14,,,18.55,2.68
2015-08-15,,,19.41,2.72
2015-08-16,,,18.37,2.67
2015-08-17,,,17.07,2.61
2015-08-18,,,17.55,2.63
2015-08-19,,,17.45,2.63
2015-08-20,,,17.32,2.62
2015-08-21,,,16.87,2.59
2015-08-22,,,16.5,2.57
2015-08-23,,,15.49,2.53
2015-08-24,,,16.45,2.58
2015-08-25,,,16.3,2.56
2015-08-26,,,16.18,2.56
2015-08-27,,,16.83,2.59
2015-08-28,,,16.87,2.59
2015-08-29,27.5,,16.26,2.56
2015-08-30,,,16.3,2.56
2015-08-31,,,16.15,2.55
2015-09-01,,,15.7,2.53
2015-09-02,,,15.84,2.54
2015-09-03,,,16.12,2.54
2015-09-04,,,15.99,2.54
2015-09-05,,,16.27,2.55
2015-09-06,,,16.46,2.55
2015-09-07,,,16.27,2.54
2015-09-08,,,15.58,2.52
2015-09-09,,,15.94,2.53
2015-09-10,,,15.4,2.5
2015-09-11,,,15.15,2.49
2015-09-12,,,16.25,2.54
2015-09-13,,,16.34,2.54
2015-09-14,,,16.17,2.53
2015-09-15,,,16.03,2.52
2015-09-16,,,17.79,2.6
2015-09-17,,,15.47,2.5
2015-09-18,,,17.16,2.58
2015-09-19,,,15.7,2.5
2015-09-20,,0.0,15.6,2.5
2015-09-21,,6.0,24.61,2.87
2015-09-22,9.5,,27.15,2.98
2015-09-23,,,23.25,2.82
2015-09-24,,,21.29,2.74
2015-09-25,,,19.44,2.66
2015-09-26,,,17.69,2.59
2015-09-27,,,16.06,2.51
2015-09-28,,21.0,23.89,2.82
2015-09-29,,,23.32,2.81
2015-09-30,,,20.68,2.71
2015-10-01,,,21.17,2.73
2015-10-02,,0.0,25.87,2.9
2015-10-03,10.0,,46.99,3.49
2015-10-04,,,42.43,3.33
2015-10-05,,0.0,20.9,2.71
2015-10-06,10.5,,20.36,2.69
2015-10-07,,83.0,42.95,3.37
2015-10-08,59.5,,46.04,3.5
2015-10-09,,,29.42,3.03
2015-10-10,,8.5,27.67,2.97
2015-10-11,,,23.21,2.8
2015-10-12,,,24.1,2.84
2015-10-13,,,28.71,3.0
2015-10-14,23.5,,27.99,2.97
2015-10-15,,,24.46,2.84
2015-10-16,,,21.96,2.74
2015-10-17,,,20.37,2.68
2015-10-18,,,19.85,2.66
2015-10-19,,,19.49,2.64
2015-10-20,,,19.79,2.65
2015-10-21,,,20.48,2.68
2015-10-22,,,19.8,2.65
2015-10-23,,,19.14,2.62
2015-10-24,,,19.12,2.61
2015-10-25,,,18.7,2.6
2015-10-26,,,17.48,2.54
2015-10-27,,,18.1,2.57
2015-10-28,,,18.37,2.58
2015-10-29,,,17.95,2.56
2015-10-30,,,17.44,2.54
2015-10-31,,,18.45,2.58
2015-11-01,,,17.08,2.51
2015-11-02,,,16.26,2.47
2015-11-03,,0.5,17.7,2.54
2015-11-04,4.5,1.0,20.72,2.67
2015-11-05,,45.0,31.97,3.08
2015-11-06,56.5,0.5,66.55,4.03
2015-11-07,0.5,8.0,37.34,3.24
2015-11-08,18.5,14.5,46.62,3.53
2015-11-09,9.5,39.5,61.94,3.92
2015-11-10,0.4,0.5,68.18,4.07
2015-11-11,,17.0,52.52,3.67
2015-11-12,44.0,68.5,87.52,4.48
2015-11-13,49.5,46.0,105.35,4.8
2015-11-14,48.5,,92.87,4.57
2015-11-15,,7.5,58.59,3.82
2015-11-16,20.5,17.0,53.7,3.7
2015-11-17,21.5,54.5,52.48,3.66
2015-11-18,57.0,0.5,83.11,4.38
2015-11-19,,,52.8,3.67
2015-11-20,,,42.46,3.38
2015-11-21,,44.5,47.77,3.53
2015-11-22,34.5,10.5,61.84,3.89
2015-11-23,30.5,,42.0,3.36
2015-11-24,,39.0,41.38,3.34
2015-11-25,23.5,11.5,121.02,5.11
2015-11-26,23.0,3.5,106.11,4.8
2015-11-27,10.5,4.5,81.28,4.31
2015-11-28,9.0,,53.48,3.67
2015-11-29,59.5,,45.18,3.46
2015-11-30,,,38.7,3.27
2015-12-01,,5.0,39.36,3.29
2015-12-02,2.0,,61.59,3.89
2015-12-03,5.5,,77.05,4.24
2015-12-04,1.0,25.0,59.5,3.82
2015-12-05,9.0,4.5,64.64,3.94
2015-12-06,2.0,1.0,80.84,4.32
2015-12-07,,19.5,94.32,4.58
2015-12-08,26.0,11.0,136.97,5.35
2015-12-09,33.5,15.0,137.58,5.33
2015-12-10,14.5,32.0,130.4,5.22
2015-12-11,61.5,3.0,132.4,5.24
2015-12-12,5.0,53.0,113.84,4.93
2015-12-13,44.0,22.0,115.41,4.95
2015-12-14,13.5,,134.46,5.28
2015-12-15,,4.0,110.89,4.88
2015-12-16,5.5,15.5,101.73,4.7
2015-12-17,13.0,,133.8,5.24
2015-12-18,1.0,,109.99,4.83
2015-12-19,,2.0,89.98,4.47
2015-12-20,,,71.52,4.08
2015-12-21,1.5,,66.83,3.98
2015-12-22,,,61.74,3.86
2015-12-23,,,55.27,3.7
2015-12-24,,,52.04,3.61
2015-12-25,,,47.21,3.48
2015-12-26,,,43.47,3.38
2015-12-27,,17.0,51.51,3.6
2015-12-28,9.5,76.0,59.8,3.79
2015-12-29,,,66.45,4.19
2015-12-30,,3.5,52.56,4.12
2015-12-31,,16.0,,3.99
2016-01-01,5.0,8.5,223.78,5.32
2016-01-02,16.5,1.0,183.78,4.98
2016-01-03,27.0,0.0,179.43,4.95
2016-01-04,8.5,65.0,221.34,5.33
2016-01-05,14.0,5.0,159.56,4.76
2016-01-06,7.0,18.0,198.7,5.13
2016-01-07,0.0,16.5,131.27,4.49
2016-01-08,0.0,2.0,82.68,3.91
2016-01-09,0.0,6.0,64.98,3.68
2016-01-10,9.5,18.5,83.94,3.96
2016-01-11,0.0,13.5,102.53,4.2
2016-01-12,9.5,58.0,94.93,4.1
2016-01-13,7.5,10.0,153.43,4.75
2016-01-14,21.0,0.0,185.18,5.02
2016-01-15,0.0,61.0,96.32,4.11
2016-01-16,0.0,0.0,67.12,3.73
2016-01-17,3.5,3.5,93.56,4.09
2016-01-18,23.5,2.5,144.13,4.67
2016-01-19,4.0,1.5,151.44,4.74
2016-01-20,16.5,0.0,204.39,5.23
2016-01-21,63.0,3.0,207.16,5.23
2016-01-22,0.0,24.5,138.95,4.63
2016-01-23,0.0,5.0,113.92,4.36
2016-01-24,4.0,1.0,85.95,4.02
2016-01-25,0.0,12.0,87.76,4.06
2016-01-26,0.0,0.0,64.23,3.72
2016-01-27,0.0,6.0,63.23,3.72
2016-01-28,12.5,4.5,54.9,3.57
2016-01-29,0.0,9.5,51.14,3.53
2016-01-30,0.0,2.5,48.55,3.49
2016-01-31,0.0,8.0,61.23,3.7
2016-02-01,9.0,4.0,53.73,3.59
2016-02-02,4.0,13.0,42.81,3.38
2016-02-03,2.5,0.0,62.25,3.72
2016-02-04,0.0,6.5,66.89,3.8
2016-02-05,0.5,0.0,69.48,3.84
2016-02-06,0.0,10.0,64.02,3.76
2016-02-07,6.0,2.0,163.63,4.95
2016-02-08,4.5,3.0,206.54,5.3
2016-02-09,1.5,13.5,225.18,5.48
2016-02-10,5.5,16.5,254.32,5.71
2016-02-11,16.0,2.5,247.92,5.64
2016-02-12,1.5,7.0,182.95,5.13
2016-02-13,7.0,0.0,165.39,4.96
2016-02-14,0.0,13.5,159.12,4.91
2016-02-15,14.0,0.0,143.79,4.75
2016-02-16,0.0,0.0,108.71,4.38
2016-02-17,0.0,1.0,99.06,4.28
2016-02-18,1.5,0.0,102.33,4.31
2016-02-19,0.0,0.0,81.64,4.05
2016-02-20,0.0,8.0,77.16,4.0
2016-02-21,38.5,1.5,159.64,4.95
2016-02-22,1.5,61.0,184.29,5.18
2016-02-23,34.5,5.5,291.14,6.04
2016-02-24,8.5,4.0,253.06,5.74
2016-02-25,3.5,0.0,236.67,5.61
2016-02-26,0.0,16.5,163.08,4.98
2016-02-27,28.0,17.5,224.48,5.54
2016-02-28,14.5,0.0,255.88,5.79
2016-02-29,,,199.67,5.32
2016-03-01,1.0,,168.93,5.05
2016-03-02,1.0,1.0,136.87,4.74
2016-03-03,2.0,,119.87,4.57
2016-03-04,0.0,13.0,165.19,5.02
2016-03-05,42.0,11.0,209.19,5.42
2016-03-06,5.0,37.0,228.02,5.59
2016-03-07,17.5,7.0,300.76,6.15
2016-03-08,11.0,4.0,282.0,6.0
2016-03-09,4.5,3.0,232.24,5.62
2016-03-10,6.0,,220.74,5.54
2016-03-11,12.0,22.0,230.27,5.62
2016-03-12,18.5,45.0,252.28,5.78
2016-03-13,53.0,5.0,333.11,6.39
2016-03-14,6.0,1.0,422.38,6.94
2016-03-15,0.0,59.0,290.21,6.07
2016-03-16,49.0,,381.24,6.71
2016-03-17,0.0,8.0,296.68,6.08
2016-03-18,0.0,3.0,233.33,5.68
2016-03-19,7.5,13.0,239.85,5.73
2016-03-20,0.0,12.0,199.27,5.39
2016-03-21,0.0,,172.47,5.16
2016-03-22,0.0,61.0,172.33,5.15
2016-03-23,19.5,7.0,221.91,5.59
2016-03-24,4.5,,220.23,5.59
2016-03-25,1.0,11.0,196.74,5.39
2016-03-26,1.5,,253.88,5.87
2016-03-27,0.5,,217.09,5.57
2016-03-28,11.5,7.0,216.39,5.57
2016-03-29,16.0,0.0,287.37,6.13
2016-03-30,13.0,12.0,336.54,6.46
2016-03-31,0.0,,264.48,5.95
2016-04-01,25.0,34.5,201.16,5.45
2016-04-02,19.5,11.0,235.43,5.75
2016-04-03,10.5,27.0,269.58,6.0
2016-04-04,37.5,,246.76,5.82
2016-04-05,0.0,34.0,211.63,5.55
2016-04-06,41.0,16.0,307.66,6.29
2016-04-07,48.5,3.0,226.38,5.67
2016-04-08,3.0,30.0,211.06,5.54
2016-04-09,35.0,15.0,196.01,5.43
2016-04-10,15.0,,241.93,5.82
2016-04-11,0.0,40.0,182.26,5.32
2016-04-12,30.5,6.0,239.86,5.81
2016-04-13,16.0,64.0,354.41,6.64
2016-04-14,52.0,19.0,373.54,6.75
2016-04-15,0.0,39.5,314.8,6.35
2016-04-16,5.0,47.0,237.49,5.79
2016-04-17,0.0,19.0,180.85,5.33
2016-04-18,14.5,39.5,188.03,5.4
2016-04-19,46.0,47.0,206.48,5.54
2016-04-20,8.5,,274.86,6.12
2016-04-21,7.5,1.0,218.99,5.64
2016-04-22,0.0,,139.66,4.94
2016-04-23,0.0,,115.95,4.69
2016-04-24,0.0,,78.32,4.22
2016-04-25,7.0,,125.69,4.82
2016-04-26,0.0,,130.51,4.86
2016-04-27,10.0,53.0,189.97,5.45
2016-04-28,27.5,12.5,297.58,6.3
2016-04-29,1.0,12.0,244.4,5.89
2016-04-30,10.0,4.0,192.2,5.47
2016-05-01,1.5,0.0,143.13,5.01
2016-05-02,0.0,2.0,121.27,4.79
2016-05-03,7.5,0.5,176.86,5.36
2016-05-04,1.5,17.5,132.75,4.92
2016-05-05,59.5,29.5,139.66,4.99
2016-05-06,40.5,0.0,124.56,4.83
2016-05-07,0.0,19.5,136.7,4.97
2016-05-08,16.0,0.0,150.09,5.11
2016-05-09,0.0,22.0,171.57,5.32
2016-05-10,8.5,0.0,276.25,6.18
2016-05-11,11.5,4.5,165.57,5.26
2016-05-12,0.0,12.5,158.29,5.17
2016-05-13,14.0,9.0,128.59,4.91
2016-05-14,1.0,0.0,83.13,4.37
2016-05-15,0.0,0.0,80.63,4.34
2016-05-16,14.0,28.0,99.08,4.59
2016-05-17,13.5,0.0,122.26,4.84
2016-05-18,14.5,26.0,279.2,6.24
2016-05-19,0.0,0.0,142.36,5.04
2016-05-20,0.0,8.5,95.92,4.55
2016-05-21,0.0,11.0,135.15,5.01
2016-05-22,3.0,1.5,198.14,5.59
2016-05-23,1.0,3.0,276.6,6.25
2016-05-24,0.5,13.0,241.96,5.95
2016-05-25,5.0,1.5,175.19,5.4
2016-05-26,4.5,0.0,126.73,4.93
2016-05-27,0.0,0.0,93.44,4.54
2016-05-28,0.0,0.0,79.49,4.37
2016-05-29,0.0,3.0,86.02,4.46
2016-05-30,6.5,18.0,108.79,4.75
2016-05-31,18.0,0.0,105.2,4.7
2016-06-01,,2.0,73.78,4.3
2016-06-02,1.0,3.0,79.08,4.39
2016-06-03,24.0,7.0,101.42,4.68
2016-06-04,0.5,2.5,92.81,4.57
2016-06-05,,1.5,86.06,4.49
2016-06-06,3.5,7.5,70.13,4.27
2016-06-07,5.0,50.5,95.53,4.6
2016-06-08,61.5,1.5,335.34,6.72
2016-06-09,,0.0,223.16,5.84
2016-06-10,,2.0,128.77,4.99
2016-06-11,,0.0,92.0,4.58
2016-06-12,1.5,13.5,77.05,4.39
2016-06-13,12.5,0.0,71.02,4.31
2016-06-14,,0.0,67.66,4.26
2016-06-15,23.5,0.0,72.93,4.34
2016-06-16,,0.0,62.26,4.19
2016-06-17,,0.5,54.48,4.07
2016-06-18,1.0,13.0,86.13,4.53
2016-06-19,3.0,0.0,88.94,4.57
2016-06-20,1.0,0.0,73.27,4.36
2016-06-21,2.4,1.4,87.32,4.56
2016-06-22,3.5,0.0,86.14,4.55
2016-06-23,2.5,1.0,65.18,4.25
2016-06-24,6.5,0.0,51.24,4.04
2016-06-25,,0.0,41.67,3.87
2016-06-26,,,40.54,3.86
2016-06-27,,0.5,36.93,3.79
2016-06-28,,0.0,39.11,3.84
2016-06-29,,0.0,45.4,3.94
2016-06-30,25.0,20.5,159.18,5.4
2016-07-01,13.0,16.0,106.72,4.81
2016-07-02,11.0,,159.02,5.38
2016-07-03,,35.0,131.31,5.1
2016-07-04,30.5,5.0,123.98,5.02
2016-07-05,,,59.7,4.2
2016-07-06,28.0,,51.29,4.08
2016-07-07,,,44.33,3.96
2016-07-08,,,40.61,3.9
2016-07-09,,,29.54,3.67
2016-07-10,,,33.4,3.76
2016-07-11,5.0,65.0,75.87,4.48
2016-07-12,49.0,4.5,142.42,5.27
2016-07-13,1.0,,111.61,4.93
2016-07-14,9.5,18.5,74.34,4.44
2016-07-15,,,48.83,4.07
2016-07-16,,26.0,61.58,4.28
2016-07-17,28.0,17.0,148.06,5.34
2016-07-18,,,94.01,4.72
2016-07-19,3.5,,66.39,4.36
2016-07-20,8.5,3.0,81.64,4.59
2016-07-21,,25.0,70.45,4.42
2016-07-22,14.5,,122.08,5.09
2016-07-23,,4.0,121.17,5.07
2016-07-24,2.0,,138.23,5.25
2016-07-25,,,79.12,4.56
2016-07-26,,,62.4,4.33
2016-07-27,,,43.28,4.01
2016-07-28,,,39.16,3.94
2016-07-29,,63.5,32.86,3.75
2016-07-30,,,32.11,3.81
2016-07-31,,,28.25,3.72
2016-08-01,,,27.89,3.72
2016-08-02,,,25.06,3.65
2016-08-03,,,21.8,3.57
2016-08-04,,,18.66,3.49
2016-08-05,,,18.32,3.49
2016-08-06,,,17.35,3.46
2016-08-07,,,15.73,3.42
2016-08-08,,,20.21,3.55
2016-08-09,,,18.21,3.5
2016-08-10,,,18.71,3.51
2016-08-11,,,16.18,3.44
2016-08-12,,1.5,14.07,3.38
2016-08-13,,5.0,23.98,3.65
2016-08-14,,,40.45,4.03
2016-08-15,,,28.72,3.78
2016-08-16,,,38.56,3.97
2016-08-17,3.0,3.5,38.57,3.98
2016-08-18,4.5,,39.16,4.0
2016-08-19,,,24.99,3.69
2016-08-20,,,20.21,3.57
2016-08-21,,,16.71,3.47
2016-08-22,,,14.57,3.41
2016-08-23,,,13.57,3.38
2016-08-24,,8.0,13.91,3.39
2016-08-25,15.5,,16.48,3.47
2016-08-26,0.5,,19.73,3.55
2016-08-27,,2.0,52.38,4.24
2016-08-28,,,41.87,4.05
2016-08-29,,,45.31,4.11
2016-08-30,17.0,,85.48,4.73
2016-08-31,2.0,,58.7,4.32
2016-09-01,,,32.75,3.87
2016-09-02,,,23.09,3.64
2016-09-03,10.0,5.5,26.17,3.71
2016-09-04,16.5,3.0,64.18,4.43
2016-09-05,7.0,,40.02,4.0
2016-09-06,0.5,36.0,26.42,3.72
2016-09-07,47.0,4.0,43.05,4.07
2016-09-08,2.0,,34.63,3.91
2016-09-09,1.0,1.0,22.32,3.62
2016-09-10,,,23.64,3.66
2016-09-11,0.5,5.0,25.09,3.69
2016-09-12,67.0,8.5,33.77,3.89
2016-09-13,37.0,,25.26,3.69
2016-09-14,,,20.13,3.55
2016-09-15,,16.5,68.21,4.47
2016-09-16,11.0,43.0,43.2,4.05
2016-09-17,47.0,,235.86,6.23
2016-09-18,,24.0,145.53,5.36
2016-09-19,42.5,,133.82,5.29
2016-09-20,7.5,,191.16,5.85
2016-09-21,42.5,7.0,240.66,6.24
2016-09-22,,,120.91,5.12
2016-09-23,,,104.23,4.95
2016-09-24,16.5,,204.82,5.97
2016-09-25,14.0,2.0,149.39,5.4
2016-09-26,2.0,4.0,113.11,5.06
2016-09-27,,10.0,83.57,4.69
2016-09-28,29.0,,157.53,5.54
2016-09-29,1.5,6.5,99.72,4.89
2016-09-30,,8.0,85.71,4.72
2016-10-01,11.5,1.0,95.11,4.84
2016-10-02,1.0,28.0,111.79,5.02
2016-10-03,52.5,65.0,218.45,6.07
2016-10-04,5.0,4.0,144.42,5.39
2016-10-05,3.5,8.5,139.64,5.35
2016-10-06,3.0,3.5,134.06,5.29
2016-10-07,,,113.24,5.05
2016-10-08,,7.5,72.54,4.54
2016-10-09,7.0,28.0,94.87,4.84
2016-10-10,24.5,6.0,184.67,5.79
2016-10-11,4.0,,124.71,5.17
2016-10-12,,2.0,93.15,4.82
2016-10-13,,,77.51,4.62
2016-10-14,,2.0,66.13,4.45
2016-10-15,,16.0,98.38,4.9
2016-10-16,22.5,,76.86,4.6
2016-10-17,,1.5,57.27,4.31
2016-10-18,6.0,,45.93,4.13
2016-10-19,,6.0,41.27,4.04
2016-10-20,15.0,3.0,63.04,4.42
2016-10-21,1.5,,72.7,4.55
2016-10-22,22.5,25.0,66.96,4.46
2016-10-23,9.0,8.0,97.37,4.88
2016-10-24,23.5,13.5,102.22,4.93
2016-10-25,14.0,31.0,122.08,5.16
2016-10-26,20.0,29.0,203.99,5.96
2016-10-27,29.0,10.0,194.53,5.86
2016-10-28,11.5,27.0,232.37,6.19
2016-10-29,27.0,,294.68,6.65
2016-10-30,9.5,46.0,318.96,6.82
2016-10-31,0.5,,268.4,6.45
2016-11-01,38.5,4.0,297.17,6.66
2016-11-02,0.5,15.5,256.82,6.37
2016-11-03,40.5,52.0,251.59,6.33
2016-11-04,73.0,1.5,203.8,5.92
2016-11-05,1.5,,135.84,5.3
2016-11-06,,,114.23,5.07
2016-11-07,,,98.41,4.88
2016-11-08,4.5,4.5,97.36,4.87
2016-11-09,,40.0,131.23,5.25
2016-11-10,70.0,1.5,302.81,6.72
2016-11-11,1.0,8.0,256.95,6.37
2016-11-12,24.0,1.0,257.01,6.37
2016-11-13,,16.0,227.71,6.14
2016-11-14,7.5,2.0,285.72,6.59
2016-11-15,6.0,1.0,280.61,6.54
2016-11-16,13.5,5.0,201.36,5.9
2016-11-17,23.0,,150.74,5.45
2016-11-18,4.5,4.0,122.03,5.16
2016-11-19,12.0,,123.38,5.18
2016-11-20,4.0,1.5,91.11,4.79
2016-11-21,,,100.62,4.92
2016-11-22,7.5,7.0,112.36,5.06
2016-11-23,37.5,51.5,129.62,5.24
2016-11-24,,36.5,173.96,5.68
2016-11-25,31.5,,200.52,5.92
2016-11-26,,,141.58,5.35
2016-11-27,,,112.41,5.05
2016-11-28,2.0,6.0,134.64,5.3
2016-11-29,47.0,26.0,168.64,5.63
2016-11-30,0.5,11.0,167.67,5.62
2016-12-01,16.0,,163.89,5.56
2016-12-02,,,97.42,4.79
2016-12-03,,,61.61,4.36
2016-12-04,,15.5,49.67,4.16
2016-12-05,3.0,1.5,99.75,4.88
2016-12-06,1.5,,106.81,4.96
2016-12-07,,,104.05,4.96
2016-12-08,,2.5,106.11,4.98
2016-12-09,,8.0,189.06,5.83
2016-12-10,13.5,,151.04,5.45
2016-12-11,,24.5,118.77,5.12
2016-12-12,14.0,6.5,210.96,6.03
2016-12-13,5.0,0.0,184.73,5.76
2016-12-14,,12.0,76.9,4.57
2016-12-15,21.0,,168.06,5.64
2016-12-16,,,114.68,5.07
2016-12-17,,,90.5,4.79
2016-12-18,,0.0,72.73,4.55
2016-12-19,,,60.38,4.36
2016-12-20,,,57.51,4.32
2016-12-21,,,49.63,4.19
2016-12-22,,0.0,40.69,4.03
2016-12-23,,,39.42,4.01
2016-12-24,,,35.42,3.93
2016-12-25,,4.0,38.58,3.99
2016-12-26,11.0,,45.06,4.12
2016-12-27,,,41.16,4.04
2016-12-28,,,35.95,3.93
2016-12-29,,1.0,36.99,3.96
2016-12-30,,,39.06,4.0
2016-12-31,,,39.0,4.0
2017-01-01,,,32.44,4.19
2017-01-02,,,31.77,4.02
2017-01-03,1.0,2.0,31.8,4.03
2017-01-04,,1.5,31.88,4.05
2017-01-05,30.0,21.0,31.59,3.97
2017-01-06,,,32.79,4.28
2017-01-07,,,32.08,4.09
2017-01-08,,,31.19,3.86
2017-01-09,26.0,,30.85,3.78
2017-01-10,10.5,,30.99,3.82
2017-01-11,3.5,9.5,31.34,3.9
2017-01-12,11.0,,31.5,3.94
2017-01-13,,,32.73,4.26
2017-01-14,1.5,,31.86,4.01
2017-01-15,,,31.94,4.04
2017-01-16,,4.5,33.1,4.34
2017-01-17,8.5,14.0,32.69,4.23
2017-01-18,7.5,,33.05,4.32
2017-01-19,,,31.76,3.98
2017-01-20,,,31.28,3.87
2017-01-21,,10.0,32.19,4.1
2017-01-22,9.0,12.5,34.65,4.75
2017-01-23,13.0,,34.77,4.77
2017-01-24,,1.0,33.53,4.43
2017-01-25,1.0,2.0,33.47,4.42
2017-01-26,0.5,,32.87,4.26
2017-01-27,1.0,1.0,31.94,4.02
2017-01-28,,,32.05,4.05
2017-01-29,,,32.4,4.14
2017-01-30,,,31.97,4.02
2017-01-31,,6.0,31.89,4.0
2017-02-01,5.0,1.0,33.37,4.39
2017-02-02,3.0,,32.96,4.27
2017-02-03,0.0,,32.21,4.08
2017-02-04,2.0,,31.99,4.02
2017-02-05,2.5,,31.78,3.97
2017-02-06,11.0,,31.4,3.87
2017-02-07,11.5,1.5,31.28,3.84
2017-02-08,,13.0,32.18,4.07
2017-02-09,,17.0,35.5,5.0
2017-02-10,,2.5,35.11,4.83
2017-02-11,4.0,6.0,33.83,4.5
2017-02-12,8.5,2.0,34.67,4.74
2017-02-13,1.5,8.5,34.21,4.6
2017-02-14,9.5,4.0,35.27,4.91
2017-02-15,5.0,2.0,34.61,4.72
2017-02-16,1.5,1.0,34.99,4.83
2017-02-17,,,34.37,4.66
2017-02-18,,,33.4,4.4
2017-02-19,,,32.9,4.27
2017-02-20,,11.0,32.97,4.3
2017-02-21,16.0,1.0,36.07,5.16
2017-02-22,1.0,,34.52,4.71
2017-02-23,0.5,,35.52,4.99
2017-02-24,,13.0,34.37,4.67
2017-02-25,14.5,22.0,37.72,5.66
2017-02-26,15.0,14.5,37.57,5.57
2017-02-27,6.5,17.5,37.39,5.54
2017-02-28,51.0,3.0,39.92,6.31
2017-03-01,4.5,38.0,40.23,6.41
2017-03-02,27.0,7.5,40.27,6.41
2017-03-03,8.0,20.0,39.98,6.33
2017-03-04,11.5,4.5,38.47,5.85
2017-03-05,1.5,2.0,36.92,5.41
2017-03-06,,25.5,36.19,5.2
2017-03-07,4.5,30.0,39.08,6.08
2017-03-08,,,41.69,6.89
2017-03-09,,,40.01,6.34
2017-03-10,5.0,4.0,37.56,5.6
2017-03-11,,,37.62,5.63
2017-03-12,,,37.33,5.55
2017-03-13,,,35.95,5.15
2017-03-14,,,34.82,4.84
2017-03-15,,8.0,34.32,4.71
2017-03-16,4.0,10.5,36.7,5.39
2017-03-17,23.5,42.0,36.08,5.2
2017-03-18,17.0,35.5,38.95,6.07
2017-03-19,23.5,10.5,39.34,6.16
2017-03-20,9.5,2.0,38.5,5.91
2017-03-21,,,37.06,5.48
2017-03-22,,4.0,35.74,5.11
2017-03-23,7.0,3.0,35.45,5.04
2017-03-24,,,34.48,4.76
2017-03-25,,,33.51,4.51
2017-03-26,,,33.17,4.43
2017-03-27,4.0,,34.07,4.67
2017-03-28,,14.0,35.52,5.07
2017-03-29,46.5,22.5,34.6,4.81
2017-03-30,,,34.98,4.93
2017-03-31,,,36.24,5.28
2017-04-01,,,35.29,5.01
2017-04-02,2.0,,35.87,5.18
2017-04-03,0.5,,34.89,4.9
2017-04-04,,5.0,35.31,5.05
2017-04-05,58.0,1.0,36.41,5.33
2017-04-06,3.0,,35.37,5.05
2017-04-07,,4.0,35.0,4.94
2017-04-08,,,34.14,4.71
2017-04-09,,6.0,34.0,4.68
2017-04-10,0.0,3.0,37.27,5.61
2017-04-11,,1.0,36.07,5.24
2017-04-12,21.0,,36.39,5.35
2017-04-13,2.0,33.0,35.3,5.04
2017-04-14,23.0,,36.91,5.51
2017-04-15,3.5,5.0,36.01,5.24
2017-04-16,53.5,38.0,36.43,5.37
2017-04-17,,9.0,36.76,5.47
2017-04-18,,12.0,35.79,5.19
2017-04-19,9.5,3.0,38.37,5.96
2017-04-20,24.5,,37.67,5.73
2017-04-21,,2.0,35.26,5.04
2017-04-22,1.0,29.0,34.88,4.95
2017-04-23,35.5,,39.05,6.19
2017-04-24,7.0,,36.65,5.43
2017-04-25,,,34.6,4.87
2017-04-26,,,34.49,4.85
2017-04-27,,59.0,35.31,5.09
2017-04-28,,1.0,37.69,5.77
2017-04-29,10.5,,37.42,5.68
2017-04-30,,,35.41,5.11
2017-05-01,5.5,0.0,35.3,5.09
2017-05-02,2.5,1.0,34.41,4.84
2017-05-03,10.5,0.0,35.01,5.02
2017-05-04,1.0,9.0,35.26,5.07
2017-05-05,11.5,,37.13,5.62
2017-05-06,,,35.96,5.27
2017-05-07,,,34.04,4.75
2017-05-08,,,33.63,4.65
2017-05-09,,1.0,34.05,4.76
2017-05-10,,,32.93,4.47
2017-05-11,,0.0,32.52,4.36
2017-05-12,,,32.33,4.32
2017-05-13,,,31.72,4.16
2017-05-14,,,31.45,4.1
2017-05-15,19.5,,31.36,4.08
2017-05-16,,,30.85,3.96
2017-05-17,,,30.47,3.87
2017-05-18,,,30.33,3.83
2017-05-19,,,30.09,3.78
2017-05-20,,,30.01,3.77
2017-05-21,10.0,,30.3,3.84
2017-05-22,,,29.93,3.75
2017-05-23,,,29.95,3.76
2017-05-24,,,29.67,3.7
2017-05-25,,,29.58,3.68
2017-05-26,,,29.43,3.65
2017-05-27,,,29.15,3.58
2017-05-28,,2.0,29.76,3.73
2017-05-29,,,31.82,4.24
2017-05-30,16.0,,30.98,4.02
2017-05-31,,6.0,30.59,3.93
2017-06-01,,,33.16,4.59
2017-06-02,,,35.71,5.29
2017-06-03,,,33.57,4.69
2017-06-04,,,34.78,5.03
2017-06-05,,,33.41,4.65
2017-06-06,,,37.94,5.96
2017-06-07,,,35.31,5.16
2017-06-08,,,32.77,4.49
2017-06-09,,,31.35,4.13
2017-06-10,,,30.77,3.99
2017-06-11,,,30.21,3.87
2017-06-12,,,30.93,4.05
2017-06-13,,,31.51,4.18
2017-06-14,,,30.63,3.97
2017-06-15,,,31.37,4.16
2017-06-16,,,30.32,3.9
2017-06-17,,,29.97,3.82
2017-06-18,,,29.5,3.71
2017-06-19,,,29.31,3.66
2017-06-20,,,29.28,3.66
2017-06-21,,,29.36,3.68
2017-06-22,,,29.43,3.69
2017-06-23,,,29.41,3.69
2017-06-24,,,29.69,3.75
2017-06-25,,,29.63,3.74
2017-06-26,,,29.5,3.71
2017-06-27,,,29.7,3.75
2017-06-28,,,28.15,3.39
2017-06-29,,,31.27,4.15
2017-06-30,71.0,,31.1,4.09
2017-07-01,6.0,,33.31,4.66
2017-07-02,,1.0,31.05,4.07
2017-07-03,,,30.14,3.86
2017-07-04,,,29.69,3.75
2017-07-05,,,29.43,3.69
2017-07-06,,,29.21,3.64
2017-07-07,,,28.82,3.55
2017-07-08,,,28.65,3.51
2017-07-09,,,28.49,3.48
2017-07-10,,0.0,28.54,3.49
2017-07-11,,,28.85,3.56
2017-07-12,2.0,,28.79,3.54
2017-07-13,,,28.4,3.45
2017-07-14,,,28.23,3.42
2017-07-15,,,28.31,3.43
2017-07-16,,,28.17,3.4
2017-07-17,,,28.06,3.38
2017-07-18,,0.0,28.03,3.37
2017-07-19,17.0,9.0,28.52,3.49
2017-07-20,11.0,21.5,31.38,4.19
2017-07-21,51.5,,32.91,4.55
2017-07-22,,1.5,30.59,3.97
2017-07-23,,,29.39,3.69
2017-07-24,41.0,68.0,29.54,3.71
2017-07-25,32.5,,28.75,3.53
2017-07-26,,,28.17,3.4
2017-07-27,,,28.06,3.38
2017-07-28,,,28.18,3.4
2017-07-29,,,28.24,3.42
2017-07-30,1.5,,29.48,3.72
2017-07-31,,,28.14,3.39
2017-08-01,,,27.98,3.36
2017-08-02,,,27.63,3.28
2017-08-03,,,27.58,3.27
2017-08-04,,,27.66,3.29
2017-08-05,,,27.57,3.27
2017-08-06,,,27.58,3.27
2017-08-07,,0.0,27.63,3.28
2017-08-08,,27.5,28.41,3.47
2017-08-09,9.0,1.5,29.03,3.59
2017-08-10,2.5,1.0,28.46,3.47
2017-08-11,,,28.21,3.41
2017-08-12,,,28.07,3.38
2017-08-13,,,27.63,3.28
2017-08-14,,,27.6,3.28
2017-08-15,,,27.52,3.26
2017-08-16,,,27.4,3.23
2017-08-17,,,27.32,3.21
2017-08-18,,,27.27,3.2
2017-08-19,,,27.4,3.23
2017-08-20,,,27.21,3.19
2017-08-21,,,27.25,3.2
2017-08-22,,,27.17,3.18
2017-08-23,,,27.07,3.16
2017-08-24,,,27.05,3.16
2017-08-25,,,27.07,3.16
2017-08-26,,,26.98,3.14
2017-08-27,,,26.85,3.11
2017-08-28,,,26.68,3.08
2017-08-29,20.5,4.0,27.04,3.16
2017-08-30,1.5,,27.46,3.25
2017-08-31,,,27.26,3.2
2017-09-01,,,26.99,3.14
2017-09-02,,,27.0,3.14
2017-09-03,,,27.02,3.15
2017-09-04,,,27.03,3.15
2017-09-05,,,27.09,3.17
2017-09-06,,,27.15,3.18
2017-09-07,,,27.02,3.15
2017-09-08,,,27.0,3.14
2017-09-09,,0.0,26.99,3.14
2017-09-10,,,26.64,3.06
2017-09-11,,,26.8,3.1
2017-09-12,,,26.76,3.09
2017-09-13,,,26.91,3.12
2017-09-14,,,26.92,3.13
2017-09-15,,,26.9,3.12
2017-09-16,,,26.87,3.11
2017-09-17,,,26.76,3.09
2017-09-18,,,26.71,3.09
2017-09-19,,,26.59,3.06
2017-09-20,,1.5,26.69,3.08
2017-09-21,2.0,,27.18,3.18
2017-09-22,,,26.97,3.14
2017-09-23,,,26.79,3.1
2017-09-24,,,26.91,3.13
2017-09-25,,,27.36,3.23
2017-09-26,2.5,6.0,27.54,3.26
2017-09-27,16.5,15.0,29.03,3.61
2017-09-28,21.5,1.0,29.46,3.7
2017-09-29,3.0,27.0,30.41,3.96
2017-09-30,,7.0,36.36,5.51
2017-10-01,,,32.49,4.43
2017-10-02,0.0,19.5,30.49,3.94
2017-10-03,27.0,0.0,31.49,4.19
2017-10-04,0.0,,29.48,3.7
2017-10-05,,,28.47,3.47
2017-10-06,,,28.23,3.41
2017-10-07,,,27.98,3.36
2017-10-08,,51.5,30.34,3.92
2017-10-09,43.5,,31.83,4.3
2017-10-10,0.0,0.0,33.64,4.73
2017-10-11,,23.0,31.75,4.25
2017-10-12,33.5,,31.6,4.21
2017-10-13,0.0,2.0,29.88,3.79
2017-10-14,2.5,,29.5,3.71
2017-10-15,,,28.62,3.5
2017-10-16,,16.0,29.0,3.6
2017-10-17,11.0,,32.7,4.52
2017-10-18,2.0,13.0,31.1,4.09
2017-10-19,21.0,21.0,33.47,4.7
2017-10-20,13.5,,33.61,4.73
2017-10-21,,34.0,33.99,4.84
2017-10-22,8.0,,31.95,4.29
2017-10-23,,4.0,30.63,3.97
2017-10-24,19.0,4.5,30.65,3.98
2017-10-25,5.5,18.0,31.8,4.27
2017-10-26,10.5,1.5,36.17,5.46
2017-10-27,0.0,18.0,34.17,4.88
2017-10-28,15.5,,35.42,5.23
2017-10-29,1.0,5.0,32.94,4.55
2017-10-30,,,31.9,4.28
2017-10-31,,,30.53,3.94
2017-11-01,,,29.81,3.78
2017-11-02,,13.0,29.1,3.61
2017-11-03,,25.0,28.88,3.56
2017-11-04,17.0,0.0,30.23,3.89
2017-11-05,8.5,30.0,30.72,4.0
2017-11-06,0.0,25.0,33.38,4.68
2017-11-07,28.0,13.5,36.34,5.5
2017-11-08,9.5,35.0,37.48,5.81
2017-11-09,27.0,13.0,38.84,6.24
2017-11-10,26.0,1.5,39.51,6.42
2017-11-11,0.0,27.0,37.4,5.78
2017-11-12,32.0,28.0,38.44,6.1
2017-11-13,88.0,21.0,39.59,6.46
2017-11-14,32.5,31.0,39.05,6.28
2017-11-15,23.0,1.5,40.0,6.58
2017-11-16,0.0,95.0,39.82,6.54
2017-11-17,69.5,18.5,39.92,6.55
2017-11-18,9.5,,40.07,6.59
2017-11-19,0.0,14.0,38.21,6.03
2017-11-20,28.5,0.0,38.34,6.07
2017-11-21,9.0,91.0,38.41,6.09
2017-11-22,2.0,2.5,40.5,6.75
2017-11-23,92.0,3.0,39.47,6.4
2017-11-24,2.5,,38.06,5.98
2017-11-25,,,36.05,5.39
2017-11-26,0.0,12.5,34.35,4.92
2017-11-27,16.5,36.0,35.04,5.13
2017-11-28,39.5,0.0,39.61,6.49
2017-11-29,,0.0,36.69,5.56
2017-11-30,,10.0,34.73,5.03
2017-12-01,10.5,1.0,,5.06
2017-12-02,,,33.79,4.77
2017-12-03,,,32.56,4.45
2017-12-04,,13.0,32.14,4.0
2017-12-05,20.5,,32.44,4.43
2017-12-06,,3.5,31.87,4.28
2017-12-07,0.0,4.5,33.17,4.63
2017-12-08,6.0,17.5,35.97,5.39
2017-12-09,13.5,3.0,36.68,5.0
2017-12-10,2.5,0.0,34.68,5.01
2017-12-11,0.0,12.0,33.12,4.6
2017-12-12,11.5,48.5,32.95,4.56
2017-12-13,24.0,23.0,33.66,4.75
2017-12-14,21.5,,34.61,5.0
2017-12-15,0.0,54.0,34.18,4.9
2017-12-16,35.5,10.0,40.08,6.64
2017-12-17,9.5,26.0,39.28,6.35
2017-12-18,18.5,2.0,38.71,6.18
2017-12-19,2.5,1.0,37.04,5.0
2017-12-20,0.0,8.5,35.83,5.34
2017-12-21,11.0,,35.39,5.21
2017-12-22,,,33.73,4.76
2017-12-23,,,32.75,4.5
2017-12-24,,,31.96,4.0
2017-12-25,,,31.49,4.19
2017-12-26,,,31.13,4.1
2017-12-27,,,30.95,4.05
2017-12-28,,,30.82,4.02
2017-12-29,,,30.44,3.0
2017-12-30,,2.0,,
2017-12-31,,0.0,,
2018-01-01,,1.0,34.29,4.41
2018-01-02,1.0,24.0,34.23,4.41
2018-01-03,13.5,30.5,56.73,5.24
2018-01-04,44.5,3.0,58.83,5.23
2018-01-05,10.5,23.0,69.52,5.6
2018-01-06,24.0,1.0,58.2,5.27
2018-01-07,,,38.53,4.57
2018-01-08,,1.0,36.94,4.52
2018-01-09,,,36.27,4.49
2018-01-10,,10.0,37.63,4.54
2018-01-11,10.5,2.5,50.82,5.03
2018-01-12,0.0,,35.95,4.47
2018-01-13,,0.0,30.12,4.23
2018-01-14,0.0,5.0,29.06,4.18
2018-01-15,8.0,0.0,28.87,4.18
2018-01-16,1.0,,26.55,4.07
2018-01-17,,,25.98,4.05
2018-01-18,,1.0,24.73,3.98
2018-01-19,,,24.82,3.99
2018-01-20,0.0,1.0,24.11,3.96
2018-01-21,0.0,1.5,24.05,3.95
2018-01-22,1.0,,25.29,4.01
2018-01-23,0.0,1.0,25.32,4.01
2018-01-24,,0.0,24.99,4.0
2018-01-25,,1.5,25.97,4.04
2018-01-26,0.0,2.0,25.54,4.02
2018-01-27,3.0,,25.77,4.03
2018-01-28,0.0,,22.56,3.87
2018-01-29,0.0,1.0,11.18,3.17
2018-01-30,,2.5,20.29,3.76
2018-01-31,3.0,2.0,21.56,3.81
2018-02-01,3.0,1.0,26.2,4.05
2018-02-02,,,24.16,3.95
2018-02-03,,2.0,23.84,3.94
2018-02-04,0.0,1.0,25.31,4.01
2018-02-05,0.0,6.0,29.37,4.2
2018-02-06,11.0,15.0,44.17,4.8
2018-02-07,20.0,2.0,52.67,5.09
2018-02-08,2.5,3.0,42.37,4.73
2018-02-09,,2.5,39.1,4.61
2018-02-10,27.0,,38.78,4.59
2018-02-11,0.0,,32.79,4.34
2018-02-12,,0.0,29.5,4.2
2018-02-13,,0.0,28.91,4.18
2018-02-14,5.5,1.0,28.55,4.16
2018-02-15,12.5,0.0,31.76,4.31
2018-02-16,,12.5,42.76,4.74
2018-02-17,,,29.5,4.2
2018-02-18,0.0,,26.92,4.09
2018-02-19,0.0,33.0,34.69,4.43
2018-02-20,42.0,4.5,61.75,5.4
2018-02-21,3.5,11.0,62.66,5.41
2018-02-22,0.0,76.0,74.91,5.78
2018-02-23,,4.0,124.86,7.03
2018-02-24,,14.5,121.72,6.94
2018-02-25,3.0,34.5,117.99,6.86
2018-02-26,,0.0,118.3,6.87
2018-02-27,30.0,4.5,104.13,6.53
2018-02-28,19.0,6.0,93.28,6.26
2018-03-01,0.0,6.0,89.04,6.16
2018-03-02,19.0,24.0,89.04,6.16
2018-03-03,11.5,44.0,90.16,6.19
2018-03-04,,35.0,115.12,6.79
2018-03-05,,3.0,117.02,6.84
2018-03-06,45.0,,96.78,6.33
2018-03-07,2.5,89.0,69.79,5.61
2018-03-08,62.5,35.0,95.05,6.31
2018-03-09,,7.0,130.2,7.14
2018-03-10,,2.0,109.05,6.64
2018-03-11,,1.0,100.34,6.44
2018-03-12,0.0,4.0,96.68,6.36
2018-03-13,13.0,,99.85,6.43
2018-03-14,,,80.6,5.93
2018-03-15,0.0,,65.09,5.48
2018-03-16,3.0,3.5,58.78,5.29
2018-03-17,0.0,31.0,73.07,5.74
2018-03-18,28.0,,77.72,5.85
2018-03-19,,13.0,67.81,5.57
2018-03-20,,,75.33,5.79
2018-03-21,,,66.64,5.53
2018-03-22,,,49.54,4.98
2018-03-23,,,44.25,4.8
2018-03-24,0.0,7.0,54.68,5.17
2018-03-25,9.0,,59.55,5.31
2018-03-26,,,79.19,5.85
2018-03-27,4.5,1.0,46.15,4.87
2018-03-28,0.0,,44.32,4.8
2018-03-29,,,38.41,4.58
2018-03-30,,,37.69,4.55
2018-03-31,,1.0,43.71,4.78
2018-04-01,,,36.87,4.51
2018-04-02,,7.5,35.06,4.44
2018-04-03,5.5,40.0,57.79,5.25
2018-04-04,60.5,,61.72,5.36
2018-04-05,,11.0,45.17,4.83
2018-04-06,10.5,,59.5,5.32
2018-04-07,,25.0,48.37,4.93
2018-04-08,22.5,,84.26,6.04
2018-04-09,,10.0,52.25,5.06
2018-04-10,13.5,,54.39,5.15
2018-04-11,,,40.12,4.64
2018-04-12,,,34.34,4.41
2018-04-13,,,33.21,4.37
2018-04-14,,,36.66,4.51
2018-04-15,,12.0,35.17,4.44
2018-04-16,11.5,6.5,38.37,4.57
2018-04-17,4.5,9.0,66.99,5.55
2018-04-18,14.5,8.0,46.2,4.86
2018-04-19,2.5,4.0,51.8,5.06
2018-04-20,6.0,15.0,80.84,5.92
2018-04-21,13.0,27.0,81.97,5.97
2018-04-22,13.5,,65.57,5.49
2018-04-23,25.5,29.0,61.36,5.38
2018-04-24,0.0,,47.31,4.9
2018-04-25,,,42.98,4.75
2018-04-26,21.5,26.0,60.94,5.37
2018-04-27,0.0,13.5,47.82,4.92
2018-04-28,,,39.76,4.62
2018-04-29,3.0,,40.9,4.67
2018-04-30,,,32.34,4.33
2018-05-01,,5.5,28.87,4.17
2018-05-02,2.5,,26.92,4.09
2018-05-03,,,26.28,4.06
2018-05-04,,5.0,28.05,4.14
2018-05-05,16.0,,28.24,4.15
2018-05-06,,,24.83,3.99
2018-05-07,,,23.65,3.93
2018-05-08,,28.5,26.82,4.08
2018-05-09,45.0,,33.93,4.39
2018-05-10,,,26.17,4.05
2018-05-11,,,23.82,3.94
2018-05-12,,18.5,22.86,3.89
2018-05-13,5.0,,28.36,4.14
2018-05-14,,,22.57,3.85
2018-05-15,,,20.15,3.75
2018-05-16,,,21.71,3.83
2018-05-17,,1.0,21.03,3.8
2018-05-18,5.0,,19.59,3.69
2018-05-19,3.5,1.5,26.84,4.1
2018-05-20,16.5,14.5,27.66,4.12
2018-05-21,1.5,4.0,37.21,4.54
2018-05-22,4.5,3.0,40.85,4.66
2018-05-23,7.5,4.0,32.77,4.35
2018-05-24,3.0,1.0,36.76,4.51
2018-05-25,,,32.59,4.34
2018-05-26,,,32.45,4.33
2018-05-27,,,27.86,4.13
2018-05-28,,,23.9,3.94
2018-05-29,0.0,,21.49,3.81
2018-05-30,,,21.68,3.83
2018-05-31,,,21.53,3.82
2018-06-01,,,20.24,3.75
2018-06-02,,,19.62,3.72
2018-06-03,,,20.83,3.79
2018-06-04,,,21.77,3.83
2018-06-05,,,20.74,3.78
2018-06-06,,,20.23,3.76
2018-06-07,,,19.54,3.71
2018-06-08,,2.0,19.6,3.72
2018-06-09,,,18.67,3.67
2018-06-10,,,17.98,3.63
2018-06-11,,,17.87,3.62
2018-06-12,,,17.58,3.6
2018-06-13,,,17.28,3.59
2018-06-14,,,16.5,3.54
2018-06-15,,,18.06,3.63
2018-06-16,,1.0,21.33,3.81
2018-06-17,,,19.09,3.69
2018-06-18,,,19.38,3.71
2018-06-19,,,17.32,3.58
2018-06-20,,,16.33,3.53
2018-06-21,,,16.13,3.52
2018-06-22,,,16.57,3.55
2018-06-23,,,16.92,3.57
2018-06-24,0.0,,16.95,3.57
2018-06-25,0.0,,18.28,3.65
2018-06-26,0.0,6.0,25.13,4.0
2018-06-27,22.0,16.0,34.84,4.43
2018-06-28,,,23.17,3.9
2018-06-29,,,19.94,3.73
2018-06-30,,,17.83,3.62
2018-07-01,,1.5,17.36,3.59
2018-07-02,,,16.78,3.56
2018-07-03,,,17.24,3.59
2018-07-04,,,15.73,3.49
2018-07-05,,,15.75,3.49
2018-07-06,,,14.87,3.44
2018-07-07,,,14.43,3.41
2018-07-08,3.0,0.0,14.62,3.43
2018-07-09,,,15.46,3.48
2018-07-10,,,15.02,3.45
2018-07-11,,,14.98,3.45
2018-07-12,,,14.3,3.4
2018-07-13,,,13.53,3.36
2018-07-14,,,13.81,3.37
2018-07-15,,,13.98,3.38
2018-07-16,,,14.17,3.39
2018-07-17,,,14.39,3.41
2018-07-18,,,14.0,3.38
2018-07-19,,,13.71,3.37
2018-07-20,,,14.37,3.41
2018-07-21,,0.0,13.28,3.34
2018-07-22,2.5,26.0,14.73,3.43
2018-07-23,37.0,,15.14,3.45
2018-07-24,,,14.55,3.42
2018-07-25,,,14.52,3.42
2018-07-26,,,13.26,3.33
2018-07-27,,,12.96,3.32
2018-07-28,,,12.48,3.28
2018-07-29,,,12.53,3.29
2018-07-30,,,12.5,3.28
2018-07-31,,,12.7,3.3
2018-08-01,,,13.84,3.37
2018-08-02,34.5,,15.13,3.45
2018-08-03,,,13.44,3.35
2018-08-04,,,12.9,3.31
2018-08-05,,,12.82,3.31
2018-08-06,,,12.92,3.31
2018-08-07,,,11.93,3.25
2018-08-08,,,12.46,3.28
2018-08-09,,,13.01,3.32
2018-08-10,,,13.86,3.37
2018-08-11,,,13.47,3.35
2018-08-12,,,13.13,3.33
2018-08-13,,,13.34,3.34
2018-08-14,5.0,,12.97,3.32
2018-08-15,,,12.18,3.26
2018-08-16,,,11.79,3.24
2018-08-17,,0.0,11.58,3.22
2018-08-18,,,12.61,3.3
2018-08-19,,,13.37,3.34
2018-08-20,,,12.79,3.3
2018-08-21,,,12.01,3.25
2018-08-22,,,12.21,3.27
2018-08-23,,1.0,12.32,3.27
2018-08-24,,,12.36,3.27
2018-08-25,,,12.29,3.27
2018-08-26,,,11.75,3.23
2018-08-27,,,12.16,3.27
2018-08-28,7.0,,13.93,3.38
2018-08-29,,,14.29,3.4
2018-08-30,,,14.59,3.42
2018-08-31,,,15.2,3.46
2018-09-01,,,16.53,3.54
2018-09-02,,,14.84,3.43
2018-09-03,,,17.67,3.61
2018-09-04,,,15.19,3.46
2018-09-05,,,13.91,3.38
2018-09-06,,,13.47,3.35
2018-09-07,,,13.33,3.34
2018-09-08,,,12.82,3.3
2018-09-09,,,12.72,3.3
2018-09-10,,,12.25,3.27
2018-09-11,,,12.04,3.25
2018-09-12,,,11.86,3.24
2018-09-13,,,11.3,3.2
2018-09-14,,,10.76,3.16
2018-09-15,,,10.75,3.16
2018-09-16,,,10.74,3.16
2018-09-17,,,10.37,3.13
2018-09-18,,,10.79,3.16
2018-09-19,,,10.83,3.17
2018-09-20,,,11.55,3.22
2018-09-21,,,12.79,3.3
2018-09-22,,12.0,15.86,3.51
2018-09-23,,,14.93,3.44
2018-09-24,,,12.73,3.3
2018-09-25,,,11.93,3.25
2018-09-26,,,11.92,3.25
2018-09-27,,,13.87,3.38
2018-09-28,,,12.01,3.25
2018-09-29,,,11.23,3.19
2018-09-30,,,11.14,3.19
2018-10-01,21.0,17.5,11.22,3.19
2018-10-02,,,11.26,3.2
2018-10-03,,,12.11,3.26
2018-10-04,,,13.05,3.32
2018-10-05,,,11.63,3.22
2018-10-06,,,10.78,3.16
2018-10-07,,,10.67,3.16
2018-10-08,,,10.13,3.11
2018-10-09,,,10.31,3.13
2018-10-10,,,10.55,3.15
2018-10-11,,,10.48,3.14
2018-10-12,,,10.08,3.11
2018-10-13,,9.5,10.06,3.11
2018-10-14,6.0,0.0,11.34,3.2
2018-10-15,,,10.31,3.13
2018-10-16,,0.0,11.2,3.19
2018-10-17,0.0,,11.74,3.24
2018-10-18,2.5,,12.58,3.29
2018-10-19,9.5,9.5,17.53,3.6
2018-10-20,0.0,,13.56,3.35
2018-10-21,,,12.61,3.29
2018-10-22,,,11.91,3.25
2018-10-23,,,13.1,3.33
2018-10-24,0.0,1.0,16.96,3.57
2018-10-25,3.0,0.0,14.58,3.42
2018-10-26,0.0,,13.78,3.37
2018-10-27,0.0,,14.91,3.44
2018-10-28,,16.5,17.82,3.59
2018-10-29,31.5,67.5,53.66,5.13
2018-10-30,124.0,15.5,56.34,5.21
2018-10-31,3.0,12.5,55.6,5.18
2018-11-01,,7.0,54.25,5.15
2018-11-02,28.5,0.0,33.06,4.34
2018-11-03,3.0,,22.74,3.88
2018-11-04,0.0,6.5,20.84,3.78
2018-11-05,10.0,6.0,18.0,3.62
2018-11-06,8.0,,20.63,3.78
2018-11-07,0.0,42.5,24.69,3.96
2018-11-08,73.5,62.0,74.33,5.78
2018-11-09,47.0,56.0,85.44,6.08
2018-11-10,72.0,32.0,76.12,5.79
2018-11-11,35.0,63.0,83.61,6.02
2018-11-12,92.0,,101.21,6.46
2018-11-13,7.5,3.0,75.04,5.75
2018-11-14,2.0,,60.22,5.32
2018-11-15,0.0,2.5,42.96,4.75
2018-11-16,0.0,,41.21,4.68
2018-11-17,,,30.95,4.26
2018-11-18,,,23.63,3.92
2018-11-19,,,21.06,3.8
2018-11-20,,28.0,21.9,3.84
2018-11-21,41.5,6.0,43.01,4.77
2018-11-22,3.0,,42.71,4.74
2018-11-23,,18.0,35.7,4.45
2018-11-24,21.0,19.5,28.33,4.14
2018-11-25,11.5,17.5,38.39,4.59
2018-11-26,20.0,1.0,60.34,5.35
2018-11-27,0.0,17.5,42.37,4.67
2018-11-28,61.0,16.0,43.57,4.69
2018-11-29,7.5,38.0,35.91,3.83
2018-11-30,107.0,10.5,79.92,5.91
2018-12-01,0.0,,77.22,5.85
2018-12-02,4.0,2.0,87.63,6.03
2018-12-03,0.0,4.5,46.98,4.9
2018-12-04,17.0,8.0,63.4,5.45
2018-12-05,20.0,12.0,64.75,5.47
2018-12-06,30.0,7.0,50.84,5.03
2018-12-07,2.0,0.0,52.85,5.11
2018-12-08,3.0,1.5,47.22,4.9
2018-12-09,0.0,,32.61,4.29
2018-12-10,1.5,12.0,31.71,4.31
2018-12-11,23.0,24.5,52.89,5.1
2018-12-12,55.5,1.0,43.95,4.76
2018-12-13,,20.5,34.81,4.43
2018-12-14,64.0,50.5,39.62,4.62
2018-12-15,43.0,1.0,62.25,5.41
2018-12-16,0.0,,82.7,6.0
2018-12-17,,,66.28,5.5
2018-12-18,,,42.26,4.71
2018-12-19,,,34.19,4.4
2018-12-20,,,33.08,4.36
2018-12-21,0.0,,34.99,4.44
2018-12-22,,,29.02,4.18
2018-12-23,,,26.62,4.07
2018-12-24,5.5,6.0,30.49,4.25
2018-12-25,,34.0,30.74,4.26
2018-12-26,12.0,11.0,43.13,4.77
2018-12-27,16.0,0.0,38.28,4.57
2018-12-28,3.5,0.0,42.16,4.73
2018-12-29,,,45.45,4.84
2018-12-30,,,34.53,4.41
2018-12-31,,,28.19,4.14
2019-01-01,,,22.52,4.02
2019-01-02,,,20.39,3.91
2019-01-03,1.5,15.0,20.82,3.94
2019-01-04,,,17.22,3.73
2019-01-05,,,16.09,3.68
2019-01-06,,38.0,17.52,3.77
2019-01-07,74.5,29.5,24.44,4.13
2019-01-08,38.0,1.5,32.8,4.51
2019-01-09,,4.0,31.41,4.46
2019-01-10,4.0,24.5,44.73,5.0
2019-01-11,52.0,22.5,38.04,4.72
2019-01-12,51.0,23.0,46.64,5.07
2019-01-13,60.5,50.0,52.69,5.27
2019-01-14,,4.5,103.74,6.73
2019-01-15,0.0,,63.3,5.59
2019-01-16,0.0,,48.42,5.12
2019-01-17,,8.0,33.78,4.57
2019-01-18,74.0,4.0,35.02,4.64
2019-01-19,,,35.62,4.65
2019-01-20,0.0,5.0,28.87,4.37
2019-01-21,11.0,11.0,32.2,4.53
2019-01-22,26.5,10.0,36.95,4.72
2019-01-23,18.5,,33.53,4.58
2019-01-24,0.0,4.0,29.08,4.39
2019-01-25,0.0,,30.5,4.46
2019-01-26,0.0,,25.32,4.22
2019-01-27,,,23.34,4.13
2019-01-28,,0.0,21.0,4.01
2019-01-29,,,19.69,3.94
2019-01-30,0.0,0.0,20.49,3.99
2019-01-31,0.0,8.0,17.93,3.84
2019-02-01,2.5,8.5,22.64,4.11
2019-02-02,11.0,13.0,38.41,4.81
2019-02-03,25.0,6.5,42.87,4.99
2019-02-04,33.5,16.5,51.08,5.28
2019-02-05,35.5,0.0,54.62,5.4
2019-02-06,,1.0,46.24,5.11
2019-02-07,1.0,,39.13,4.85
2019-02-08,0.0,2.0,41.52,4.94
2019-02-09,0.0,8.0,57.49,5.5
2019-02-10,13.0,,72.7,5.98
2019-02-11,2.5,2.5,74.4,6.02
2019-02-12,0.0,28.0,76.84,6.09
2019-02-13,12.5,,67.61,5.8
2019-02-14,0.0,6.5,48.15,5.19
2019-02-15,32.5,13.5,56.47,5.49
2019-02-16,28.5,1.0,63.78,5.71
2019-02-17,0.0,15.0,65.59,5.78
2019-02-18,18.5,9.5,70.92,5.93
2019-02-19,37.0,8.0,55.95,5.46
2019-02-20,18.5,,59.14,5.58
2019-02-21,,41.0,55.02,5.45
2019-02-22,58.0,68.5,84.5,6.33
2019-02-23,9.0,18.5,88.64,6.43
2019-02-24,,9.0,106.92,6.89
2019-02-25,,0.0,88.97,6.43
2019-02-26,0.0,1.5,70.44,5.92
2019-02-27,,,46.77,5.17
2019-02-28,,27.5,40.69,4.96
2019-03-01,18.5,33.0,71.46,5.98
2019-03-02,7.5,13.5,75.76,6.08
2019-03-03,20.0,1.5,84.3,6.35
2019-03-04,,,61.06,5.65
2019-03-05,,13.5,53.44,5.42
2019-03-06,35.0,34.0,94.58,6.63
2019-03-07,,,118.92,7.2
2019-03-08,,1.0,95.76,6.63
2019-03-09,,16.0,75.84,6.11
2019-03-10,15.0,,64.7,5.79
2019-03-11,,,50.57,5.34
2019-03-12,,,50.93,5.36
2019-03-13,,,45.49,5.17
2019-03-14,,,39.26,4.94
2019-03-15,,,37.56,4.88
2019-03-16,28.0,,36.51,4.83
2019-03-17,5.5,,33.88,4.73
2019-03-18,0.0,13.0,31.19,4.62
2019-03-19,,25.5,41.37,5.01
2019-03-20,20.5,,52.42,5.4
2019-03-21,,,39.66,4.97
2019-03-22,,,34.72,4.78
2019-03-23,,,30.72,4.61
2019-03-24,,,27.16,4.45
2019-03-25,3.0,3.0,26.0,4.4
2019-03-26,0.0,18.0,30.96,4.63
2019-03-27,44.0,19.0,66.47,5.91
2019-03-28,7.0,2.5,79.91,6.29
2019-03-29,43.0,14.0,68.9,5.96
2019-03-30,6.5,,80.07,6.3
2019-03-31,23.5,22.5,62.06,5.75
2019-04-01,60.0,,61.06,5.74
2019-04-02,,10.5,66.68,5.92
2019-04-03,32.0,127.0,68.96,5.97
2019-04-04,,4.5,115.8,7.22
2019-04-05,,,108.36,7.01
2019-04-06,,5.0,90.03,6.57
2019-04-07,5.0,11.5,82.56,6.37
2019-04-08,,57.0,116.99,7.25
2019-04-09,,85.0,120.13,7.3
2019-04-10,,,103.69,6.91
2019-04-11,,1.0,88.35,6.53
2019-04-12,,9.0,80.35,6.33
2019-04-13,7.0,13.0,91.13,6.63
2019-04-14,49.0,13.5,84.6,6.43
2019-04-15,7.0,10.0,92.12,6.64
2019-04-16,1.5,27.5,92.88,6.67
2019-04-17,72.5,16.5,84.09,6.41
2019-04-18,,16.5,71.9,6.1
2019-04-19,21.0,,79.45,6.32
2019-04-20,16.0,,68.87,6.01
2019-04-21,,,52.2,5.49
2019-04-22,,,43.78,5.2
2019-04-23,,0.0,36.58,4.93
2019-04-24,0.0,0.0,38.01,4.99
2019-04-25,,18.0,36.56,4.94
2019-04-26,30.0,51.0,43.09,5.19
2019-04-27,88.0,0.0,66.73,6.0
2019-04-28,22.0,0.0,58.13,5.7
2019-04-29,,,43.54,5.21
2019-04-30,,1.5,51.9,5.51
2019-05-01,0.0,0.0,58.38,5.73
2019-05-02,0.0,2.5,49.92,5.45
2019-05-03,0.0,1.0,55.69,5.65
2019-05-04,0.0,0.0,50.58,5.47
2019-05-05,2.0,10.0,46.71,5.35
2019-05-06,6.5,2.0,44.71,5.26
2019-05-07,,10.5,31.05,4.73
2019-05-08,27.0,3.0,33.65,4.85
2019-05-09,3.0,2.5,42.28,5.15
2019-05-10,5.5,,41.91,5.18
2019-05-11,,,30.16,4.7
2019-05-12,,,26.74,4.55
2019-05-13,,,24.83,4.46
2019-05-14,,,25.08,4.48
2019-05-15,,,23.39,4.39
2019-05-16,,6.0,37.49,5.03
2019-05-17,,,30.67,4.73
2019-05-18,,,22.94,4.38
2019-05-19,,,18.44,4.14
2019-05-20,,,19.0,4.18
2019-05-21,,,18.37,4.15
2019-05-22,,,17.01,4.07
2019-05-23,,,15.51,3.98
2019-05-24,,,12.96,3.81
2019-05-25,,,14.93,3.95
2019-05-26,,,14.41,3.92
2019-05-27,,,14.09,3.9
2019-05-28,,,14.06,3.9
2019-05-29,,,13.49,3.87
2019-05-30,,,14.38,3.93
2019-05-31,,,13.55,3.87
2019-06-01,,0.0,12.77,3.83
2019-06-02,,0.0,12.91,3.84
2019-06-03,,,13.58,3.89
2019-06-04,,,13.44,3.88
2019-06-05,,,12.84,3.84
2019-06-06,,,12.21,3.8
2019-06-07,,,12.46,3.82
2019-06-08,,5.0,18.86,4.22
2019-06-09,1.5,,15.13,4.0
2019-06-10,,4.0,13.44,3.89
2019-06-11,25.0,,14.94,4.0
2019-06-12,,,13.55,3.9
2019-06-13,,,11.17,3.74
2019-06-14,,,10.71,3.71
2019-06-15,,,11.58,3.78
2019-06-16,,5.0,10.67,3.71
2019-06-17,18.5,,11.73,3.8
2019-06-18,,,10.93,3.74
2019-06-19,,,10.24,3.69
2019-06-20,,,9.93,3.67
2019-06-21,,,10.44,3.71
2019-06-22,,,10.18,3.69
2019-06-23,,,10.16,3.69
2019-06-24,,,10.26,3.71
2019-06-25,,,10.32,3.71
2019-06-26,,,10.26,3.71
2019-06-27,,,10.01,3.69
2019-06-28,,,9.62,3.66
2019-06-29,,,9.1,3.63
2019-06-30,,,9.02,3.62
2019-07-01,,,9.18,3.64
2019-07-02,,,9.16,3.64
2019-07-03,,,8.58,3.59
2019-07-04,,0.0,8.71,3.61
2019-07-05,,,9.15,3.65
2019-07-06,,,8.48,3.59
2019-07-07,,5.0,8.59,3.6
2019-07-08,,,8.95,3.64
2019-07-09,35.0,,10.02,3.72
2019-07-10,,,8.83,3.63
2019-07-11,,,8.35,3.58
2019-07-12,,,8.17,3.56
2019-07-13,,,8.22,3.55
2019-07-14,,,8.1,3.53
2019-07-15,,,7.96,3.51
2019-07-16,,,8.23,3.52
2019-07-17,,,8.25,3.52
2019-07-18,,,8.26,3.51
2019-07-19,,,8.16,3.49
2019-07-20,,,8.44,3.51
2019-07-21,,,8.72,3.52
2019-07-22,,,9.18,3.55
2019-07-23,,,8.86,3.51
2019-07-24,,,8.32,3.46
2019-07-25,,,8.0,3.42
2019-07-26,,,7.69,3.39
2019-07-27,,,7.83,3.39
2019-07-28,,,8.07,3.4
2019-07-29,,,8.63,3.44
2019-07-30,,,7.71,3.35
2019-07-31,,,8.42,3.4
2019-08-01,,,8.12,3.37
2019-08-02,,,8.94,3.43
2019-08-03,,,8.36,3.36
2019-08-04,,,8.36,3.36
2019-08-05,,,8.29,3.34
2019-08-06,,,8.58,3.36
2019-08-07,,,8.57,3.34
2019-08-08,,,8.82,3.36
2019-08-09,,,8.96,3.36
2019-08-10,,,9.84,3.42
2019-08-11,,,9.64,3.39
2019-08-12,,,9.36,3.36
2019-08-13,,,9.31,3.35
2019-08-14,,,9.44,3.35
2019-08-15,,,9.82,3.37
2019-08-16,,0.0,9.98,3.37
2019-08-17,0.0,,10.79,3.43
2019-08-18,,,9.78,3.34
2019-08-19,,,10.76,3.4
2019-08-20,,,10.15,3.34
2019-08-21,,,9.49,3.29
2019-08-22,,,9.81,3.3
2019-08-23,,,10.4,3.34
2019-08-24,,,9.69,3.27
2019-08-25,,,9.74,3.27
2019-08-26,,,9.83,3.27
2019-08-27,,6.5,10.5,3.31
2019-08-28,5.0,,12.6,3.45
2019-08-29,,,12.93,3.46
2019-08-30,3.0,,12.83,3.45
2019-08-31,,,11.78,3.37
2019-09-01,,0.0,11.48,3.33
2019-09-02,,,11.4,3.32
2019-09-03,,,11.39,3.31
2019-09-04,,3.0,12.77,3.4
2019-09-05,33.5,,13.34,3.42
2019-09-06,,,13.13,3.4
2019-09-07,,,13.06,3.39
2019-09-08,,,12.63,3.35
2019-09-09,,,12.2,3.31
2019-09-10,,,12.1,3.29
2019-09-11,,,11.64,3.25
2019-09-12,,,11.58,3.24
2019-09-13,,,11.59,3.23
2019-09-14,,,12.11,3.26
2019-09-15,,,11.74,3.22
2019-09-16,,,11.9,3.23
2019-09-17,,,12.21,3.24
2019-09-18,,,13.57,3.32
2019-09-19,,,13.0,3.27
2019-09-20,,,13.24,3.28
2019-09-21,,,13.43,3.28
2019-09-22,,,13.23,3.26
2019-09-23,,,13.13,3.24
2019-09-24,,,13.3,3.25
2019-09-25,,,13.79,3.27
2019-09-26,,,14.04,3.27
2019-09-27,,,13.87,3.25
2019-09-28,,,14.33,3.27
2019-09-29,,,14.13,3.25
2019-09-30,,,13.84,3.22
2019-10-01,,,14.33,3.24
2019-10-02,,,14.44,3.24
2019-10-03,,,14.14,3.21
2019-10-04,,,14.12,3.2
2019-10-05,,,14.36,3.21
2019-10-06,,,14.86,3.23
2019-10-07,,,14.71,3.21
2019-10-08,,0.0,14.65,3.2
2019-10-09,0.0,,16.2,3.29
2019-10-10,,,17.46,3.35
2019-10-11,0.0,,18.07,3.38
2019-10-12,,30.5,16.86,3.29
2019-10-13,32.5,,16.52,3.27
2019-10-14,,,19.53,3.44
2019-10-15,,,17.55,3.31
2019-10-16,,0.0,16.93,3.26
2019-10-17,,,18.15,3.33
2019-10-18,6.5,,17.2,3.26
2019-10-19,,,17.72,3.28
2019-10-20,,,17.24,3.24
2019-10-21,,,17.75,3.27
2019-10-22,,,17.28,3.23
2019-10-23,,,16.84,3.19
2019-10-24,,,16.44,3.16
2019-10-25,,,16.68,3.16
2019-10-26,,7.5,16.91,3.17
2019-10-27,6.5,2.5,19.57,3.31
2019-10-28,2.0,,22.97,3.48
2019-10-29,0.0,,23.74,3.51
2019-10-30,28.5,16.5,25.08,3.57
2019-10-31,0.0,3.5,24.07,3.5
2019-11-01,14.5,33.5,51.27,4.61
2019-11-02,0.0,4.0,37.4,4.05
2019-11-03,3.5,,34.99,3.97
2019-11-04,,0.0,34.86,3.95
2019-11-05,0.0,43.0,39.11,4.11
2019-11-06,55.0,,32.78,3.83
2019-11-07,,,29.38,3.68
2019-11-08,11.0,10.0,32.08,3.8
2019-11-09,16.0,,39.29,4.09
2019-11-10,,7.5,63.06,4.79
2019-11-11,0.0,,39.5,3.99
2019-11-12,,,28.39,3.6
2019-11-13,,0.0,26.52,3.5
2019-11-14,0.0,,25.4,3.44
2019-11-15,,,24.58,3.39
2019-11-16,,,22.7,3.28
2019-11-17,,,21.36,3.21
2019-11-18,,,21.37,3.2
2019-11-19,,,21.55,3.2
2019-11-20,,0.0,31.05,3.62
2019-11-21,13.5,11.5,27.33,3.44
2019-11-22,12.0,6.5,31.42,3.65
2019-11-23,4.5,33.0,30.41,3.59
2019-11-24,14.0,,32.73,3.68
2019-11-25,,3.0,30.3,3.56
2019-11-26,2.0,10.0,31.72,3.62
2019-11-27,65.5,,35.61,3.77
2019-11-28,0.0,0.0,31.62,3.59
2019-11-29,,,29.45,3.48
2019-11-30,,24.0,31.59,3.57
2019-12-01,65.0,29.5,40.13,3.91
2019-12-02,32.0,,51.9,4.33
2019-12-03,,,54.5,4.4
2019-12-04,0.0,9.5,44.04,4.03
2019-12-05,7.0,,42.39,3.95
2019-12-06,0.0,51.0,46.74,4.1
2019-12-07,69.0,1.5,83.35,5.21
2019-12-08,9.0,1.0,49.96,4.18
2019-12-09,,,39.8,3.82
2019-12-10,,,35.82,3.65
2019-12-11,5.5,,35.69,3.64
2019-12-12,,3.5,34.79,3.59
2019-12-13,,19.0,41.52,3.84
2019-12-14,23.0,5.5,50.69,4.17
2019-12-15,19.5,6.0,66.01,4.66
2019-12-16,19.0,14.0,76.52,4.95
2019-12-17,42.5,54.5,92.19,5.35
2019-12-18,81.0,28.0,148.23,6.62
2019-12-19,19.0,2.5,98.87,5.45
2019-12-20,2.0,3.5,60.67,4.4
2019-12-21,2.0,,38.01,3.61
2019-12-22,,15.0,49.29,4.06
2019-12-23,58.5,,50.34,4.08
2019-12-24,,17.5,50.12,4.05
2019-12-25,57.5,1.0,67.9,4.62
2019-12-26,0.0,2.0,83.42,5.02
2019-12-27,0.0,2.5,86.77,5.09
2019-12-28,2.0,16.5,80.71,4.93
2019-12-29,23.0,,81.58,4.96
2019-12-30,,,71.54,4.67
2019-12-31,2.0,32.5,71.52,4.66
2020-01-01,48.0,0.0,90.75,5.16
2020-01-02,0.0,0.0,70.82,4.52
2020-01-03,,,60.22,4.13
2020-01-04,0.0,,55.49,3.94
2020-01-05,0.0,,53.03,3.84
2020-01-06,,2.5,51.92,3.8
2020-01-07,5.0,1.0,52.5,3.82
2020-01-08,0.0,8.0,54.67,3.91
2020-01-09,10.0,3.5,63.35,4.25
2020-01-10,4.5,4.0,59.76,4.11
2020-01-11,5.5,2.0,66.33,4.36
2020-01-12,4.0,,62.16,4.2
2020-01-13,,,55.77,3.95
2020-01-14,,,51.25,3.76
2020-01-15,,,49.91,3.7
2020-01-16,,44.0,48.59,3.64
2020-01-17,68.0,3.0,50.26,3.71
2020-01-18,3.0,4.0,66.93,4.37
2020-01-19,1.0,,93.17,5.24
2020-01-20,,,101.88,5.49
2020-01-21,,,100.01,5.43
2020-01-22,,20.5,88.99,5.08
2020-01-23,52.5,52.5,110.27,5.74
2020-01-24,52.0,24.0,140.18,6.49
2020-01-25,24.0,39.0,160.29,6.94
2020-01-26,,23.0,169.74,7.09
2020-01-27,,3.0,119.6,5.94
2020-01-28,3.0,32.0,135.74,6.43
2020-01-29,29.0,17.0,103.51,5.62
2020-01-30,17.5,,88.61,5.21
2020-01-31,,,81.77,4.98
2020-02-01,,,62.32,4.35
2020-02-02,,,61.3,4.33
2020-02-03,,,56.26,4.14
2020-02-04,0.0,32.5,70.31,4.7
2020-02-05,49.0,43.5,91.39,5.39
2020-02-06,33.0,8.0,103.92,5.75
2020-02-07,18.0,18.5,114.68,6.08
2020-02-08,0.0,,105.74,5.81
2020-02-09,,,93.99,5.53
2020-02-10,,4.5,95.04,5.56
2020-02-11,3.5,1.0,86.61,5.32
2020-02-12,,23.0,69.86,4.76
2020-02-13,5.5,29.0,73.93,4.92
2020-02-14,7.0,8.5,78.73,5.13
2020-02-15,2.0,26.0,80.85,5.2
2020-02-16,33.5,26.5,119.28,6.32
2020-02-17,12.0,34.0,123.71,6.43
2020-02-18,48.0,25.0,119.76,6.35
2020-02-19,11.0,2.0,118.85,6.34
2020-02-20,1.0,1.0,89.19,5.5
2020-02-21,1.5,,76.47,5.13
2020-02-22,0.0,,75.58,5.12
2020-02-23,,3.0,62.32,4.64
2020-02-24,0.0,4.0,60.38,4.61
2020-02-25,3.0,,76.19,5.2
2020-02-26,,4.0,61.84,4.68
2020-02-27,3.0,8.0,65.38,4.84
2020-02-28,7.5,15.5,77.52,5.28
2020-02-29,7.5,,86.89,5.6
2020-03-01,1.5,,88.02,5.64
2020-03-02,0.0,,81.72,5.44
2020-03-03,,,73.35,5.19
2020-03-04,,17.0,78.73,5.39
2020-03-05,17.5,4.0,80.03,5.43
2020-03-06,0.0,5.0,72.34,5.2
2020-03-07,9.0,,73.69,5.26
2020-03-08,,1.0,66.25,5.01
2020-03-09,0.0,,61.08,4.82
2020-03-10,,,57.37,4.69
2020-03-11,,0.0,54.65,4.59
2020-03-12,,3.0,52.24,4.5
2020-03-13,0.0,,52.94,4.55
2020-03-14,,34.5,55.61,4.67
2020-03-15,26.0,18.5,68.63,5.19
2020-03-16,8.0,28.0,89.66,5.91
2020-03-17,27.0,0.0,69.52,5.22
2020-03-18,,9.0,56.54,4.77
2020-03-19,18.0,55.0,60.78,4.95
2020-03-20,85.0,44.0,76.77,5.54
2020-03-21,,6.0,130.28,7.06
2020-03-22,0.0,,72.77,5.41
2020-03-23,,,60.35,4.99
2020-03-24,4.0,4.0,57.33,4.88
2020-03-25,1.0,,55.76,4.84
2020-03-26,,94.0,60.01,5.02
2020-03-27,8.0,5.0,82.22,5.81
2020-03-28,4.5,11.5,73.2,5.5
2020-03-29,4.5,3.0,65.85,5.29
2020-03-30,23.0,62.0,95.8,6.29
2020-03-31,,14.0,148.54,7.64
2020-04-01,,,149.24,7.64
2020-04-02,,,121.48,6.99
2020-04-03,,0.0,101.34,6.48
2020-04-04,,67.0,90.9,6.2
2020-04-05,,57.5,134.03,7.38
2020-04-06,,2.0,124.54,7.13
2020-04-07,0.0,57.0,111.01,6.81
2020-04-08,,,113.41,6.89
2020-04-09,,,108.7,6.77
2020-04-10,,3.0,97.5,6.47
2020-04-11,0.0,1.5,84.8,6.1
2020-04-12,0.0,,66.4,5.49
2020-04-13,,,67.39,5.56
2020-04-14,,,62.92,5.4
2020-04-15,,1.0,56.94,5.18
2020-04-16,12.0,0.0,62.27,5.41
2020-04-17,0.0,33.0,53.22,5.03
2020-04-18,27.0,16.5,75.87,5.93
2020-04-19,2.0,12.5,53.98,5.06
2020-04-20,2.0,4.0,50.8,5.0
2020-04-21,19.0,15.0,63.4,5.52
2020-04-22,15.5,0.0,58.74,5.31
2020-04-23,,,50.69,5.04
2020-04-24,,,42.49,4.66
2020-04-25,,,44.86,4.79
2020-04-26,,,36.72,4.4
2020-04-27,,15.5,37.2,4.44
2020-04-28,12.0,65.0,55.45,5.31
2020-04-29,3.5,30.0,50.67,5.1
2020-04-30,41.0,65.5,76.85,6.14
2020-05-01,81.5,45.5,63.37,5.64
2020-05-02,62.5,,96.89,6.78
2020-05-03,,17.0,57.74,5.42
2020-05-04,24.0,5.0,55.51,5.39
2020-05-05,0.0,5.0,50.8,5.2
2020-05-06,11.5,1.5,42.19,4.81
2020-05-07,,,39.71,4.7
2020-05-08,,11.5,33.05,4.36
2020-05-09,16.0,,31.43,4.28
2020-05-10,,36.5,32.98,4.38
2020-05-11,62.5,1.5,49.67,5.24
2020-05-12,0.0,4.0,47.68,5.17
2020-05-13,3.0,,42.91,4.93
2020-05-14,,,31.63,4.36
2020-05-15,,,27.92,4.15
2020-05-16,,,26.4,4.06
2020-05-17,,16.0,27.97,4.18
2020-05-18,16.5,51.5,31.97,4.43
2020-05-19,10.5,2.0,48.38,5.3
2020-05-20,3.5,17.5,45.63,5.16
2020-05-21,16.5,,40.33,4.92
2020-05-22,,,31.58,4.47
2020-05-23,,,27.67,4.24
2020-05-24,,,26.93,4.21
2020-05-25,,,39.25,4.95
2020-05-26,,,37.1,4.84
2020-05-27,,4.0,36.32,4.81
2020-05-28,0.0,,37.65,4.9
2020-05-29,,56.0,36.56,4.82
2020-05-30,81.5,1.0,42.39,5.15
2020-05-31,,13.0,42.9,5.21
2020-06-01,,,45.07,5.32
2020-06-02,,,33.58,4.73
2020-06-03,,,26.83,4.34
2020-06-04,,,24.88,4.23
2020-06-05,,14.0,22.38,4.06
2020-06-06,10.5,1.5,25.27,4.29
2020-06-07,,,22.58,4.1
2020-06-08,,6.5,21.98,4.08
2020-06-09,2.0,,25.18,4.31
2020-06-10,,24.5,28.0,4.52
2020-06-11,39.5,,26.48,4.39
2020-06-12,,,25.35,4.33
2020-06-13,,,20.18,3.94
2020-06-14,,,17.78,3.77
2020-06-15,,,17.53,3.75
2020-06-16,,,16.55,3.67
2020-06-17,,,16.59,3.67
2020-06-18,,,15.77,3.6
2020-06-19,0.0,0.0,16.96,3.71
2020-06-20,,2.0,18.3,3.83
2020-06-21,,,16.66,3.69
2020-06-22,0.0,4.5,17.03,3.73
2020-06-23,3.0,,19.58,3.95
2020-06-24,,,17.62,3.78
2020-06-25,,,16.3,3.67
2020-06-26,,,15.58,3.61
2020-06-27,,3.5,14.85,3.53
2020-06-28,,,14.75,3.53
2020-06-29,,34.5,14.55,3.51
2020-06-30,,,13.37,3.4
2020-07-01,,,13.27,3.39
2020-07-02,,2.5,13.72,3.44
2020-07-03,3.0,,18.32,3.87
2020-07-04,,,15.47,3.61
2020-07-05,,,13.35,3.4
2020-07-06,,,13.62,3.44
2020-07-07,3.0,,14.46,3.53
2020-07-08,,,13.56,3.44
2020-07-09,,,13.15,3.4
2020-07-10,,,13.15,3.4
2020-07-11,,,13.04,3.39
2020-07-12,,,12.14,3.3
2020-07-13,,,11.98,3.28
2020-07-14,,0.0,11.82,3.27
2020-07-15,0.0,,11.62,3.25
2020-07-16,,,11.78,3.27
2020-07-17,,,11.91,3.29
2020-07-18,,,11.56,3.25
2020-07-19,,16.5,11.36,3.23
2020-07-20,28.5,,12.24,3.33
2020-07-21,,0.0,11.68,3.27
2020-07-22,,,13.16,3.43
2020-07-23,,,12.03,3.31
2020-07-24,,,11.65,3.28
2020-07-25,,,11.21,3.23
2020-07-26,,,12.77,3.39
2020-07-27,,,18.33,3.8
2020-07-28,,,10.54,3.16
2020-07-29,,,9.97,3.09
2020-07-30,,,10.09,3.11
2020-07-31,,,10.05,3.11
2020-08-01,,,9.91,3.09
2020-08-02,,,9.91,3.1
2020-08-03,,,10.0,3.11
2020-08-04,,,10.13,3.13
2020-08-05,5.0,7.5,12.63,3.4
2020-08-06,7.5,,11.78,3.31
2020-08-07,,,11.02,3.24
2020-08-08,,,12.5,3.41
2020-08-09,,1.0,10.88,3.23
2020-08-10,7.5,,10.61,3.2
2020-08-11,,,10.25,3.16
2020-08-12,1.0,,10.69,3.22
2020-08-13,,0.0,11.87,3.36
2020-08-14,1.5,7.0,13.53,3.53
2020-08-15,6.5,,13.33,3.51
2020-08-16,3.5,2.0,12.5,3.43
2020-08-17,,,11.48,3.32
2020-08-18,,,10.77,3.24
2020-08-19,,,10.25,3.18
2020-08-20,,,10.05,3.16
2020-08-21,,,9.54,3.1
2020-08-22,,,9.38,3.08
2020-08-23,,,9.2,3.06
2020-08-24,,,9.29,3.07
2020-08-25,,,9.33,3.08
2020-08-26,,,8.73,3.0
2020-08-27,,,8.01,2.9
2020-08-28,,,7.87,2.89
2020-08-29,,,7.66,2.86
2020-08-30,,,7.55,2.85
2020-08-31,,,7.74,2.88
2020-09-01,,,7.41,2.83
2020-09-02,,,10.29,3.2
2020-09-03,,,11.2,3.31
2020-09-04,,,8.5,2.97
2020-09-05,,,7.71,2.89
2020-09-06,,,7.49,2.85
2020-09-07,,,7.33,2.83
2020-09-08,,,7.3,2.83
2020-09-09,,,7.41,2.85
2020-09-10,,,7.3,2.84
2020-09-11,,,7.25,2.83
2020-09-12,,,7.1,2.81
2020-09-13,,0.0,6.99,2.8
2020-09-14,,0.0,7.42,2.87
2020-09-15,0.0,0.0,7.37,2.86
2020-09-16,8.0,1.0,7.6,2.9
2020-09-17,0.0,,7.35,2.86
2020-09-18,1.0,,7.36,2.87
2020-09-19,,,7.2,2.85
2020-09-20,0.0,1.5,7.24,2.86
2020-09-21,0.0,3.5,7.77,2.94
2020-09-22,3.5,,9.32,3.15
2020-09-23,0.0,3.0,19.95,4.22
2020-09-24,,,9.4,3.14
2020-09-25,,,8.1,2.99
2020-09-26,,,7.62,2.93
2020-09-27,,,7.6,2.93
2020-09-28,,,8.13,3.01
2020-09-29,,,7.43,2.91
2020-09-30,,,7.15,2.87
2020-10-01,,,7.19,2.88
2020-10-02,,0.0,7.02,2.85
2020-10-03,0.0,5.0,7.72,2.96
2020-10-04,4.0,,8.81,3.12
2020-10-05,,1.0,7.93,3.0
2020-10-06,3.0,,8.07,3.02
2020-10-07,,,7.72,2.97
2020-10-08,,3.0,7.91,3.0
2020-10-09,9.5,10.0,8.7,3.12
2020-10-10,5.0,,9.37,3.2
2020-10-11,,2.5,8.56,3.1
2020-10-12,1.5,,7.7,2.98
2020-10-13,,,7.84,3.01
2020-10-14,,,7.55,2.96
2020-10-15,,,7.29,2.93
2020-10-16,,30.0,8.87,3.15
2020-10-17,21.5,,10.7,3.38
2020-10-18,,2.5,10.17,3.32
2020-10-19,,8.5,8.85,3.15
2020-10-20,2.5,31.5,10.94,3.41
2020-10-21,7.5,3.0,26.4,4.75
2020-10-22,12.5,19.0,20.25,4.31
2020-10-23,9.5,1.0,21.93,4.44
2020-10-24,,30.5,19.17,4.22
2020-10-25,32.5,4.0,29.3,4.94
2020-10-26,14.5,3.5,34.78,5.29
2020-10-27,2.5,30.0,28.02,4.85
2020-10-28,11.0,4.0,29.6,4.91
2020-10-29,24.5,,23.36,4.57
2020-10-30,0.0,1.0,17.06,4.05
2020-10-31,0.0,13.5,14.98,3.87
2020-11-01,10.5,1.5,23.82,4.62
2020-11-02,1.0,1.0,19.51,4.27
2020-11-03,,,14.61,3.85
2020-11-04,,0.0,12.57,3.64
2020-11-05,0.0,0.0,10.79,3.45
2020-11-06,0.0,,10.89,3.47
2020-11-07,,,9.79,3.33
2020-11-08,0.0,,9.32,3.28
2020-11-09,,,9.5,3.3
2020-11-10,,1.0,9.18,3.26
2020-11-11,13.0,4.5,9.39,3.29
2020-11-12,5.0,,9.03,3.25
2020-11-13,,,8.68,3.2
2020-11-14,,,8.89,3.23
2020-11-15,30.5,,10.81,3.47
2020-11-16,,,8.97,3.23
2020-11-17,,,8.91,3.23
2020-11-18,,,8.11,3.11
2020-11-19,0.0,,8.39,3.16
2020-11-20,,18.5,8.76,3.2
2020-11-21,10.5,1.0,16.14,4.03
2020-11-22,24.5,9.0,14.3,3.83
2020-11-23,24.0,5.0,15.78,3.95
2020-11-24,4.0,21.0,24.13,4.66
2020-11-25,27.5,20.5,26.65,4.79
2020-11-26,37.0,4.5,18.34,4.15
2020-11-27,,1.5,13.17,3.72
2020-11-28,6.5,,19.04,4.28
2020-11-29,0.5,0.0,18.86,4.24
2020-11-30,3.0,2.0,15.02,3.91
2020-12-01,2.0,0.0,16.14,4.02
2020-12-02,0.0,5.5,18.65,4.22
2020-12-03,8.0,1.0,17.07,4.08
2020-12-04,1.5,1.5,13.52,3.76
2020-12-05,1.5,3.0,12.21,3.62
2020-12-06,5.5,5.5,12.6,3.67
2020-12-07,6.0,,14.09,3.82
2020-12-08,0.0,,11.91,3.58
2020-12-09,,0.0,10.55,3.43
2020-12-10,,,10.13,3.38
2020-12-11,,6.0,9.88,3.35
2020-12-12,7.5,14.5,9.8,3.34
2020-12-13,15.0,2.5,9.77,3.32
2020-12-14,3.0,2.0,13.64,3.78
2020-12-15,2.0,15.0,18.36,4.22
2020-12-16,16.0,1.5,19.62,4.31
2020-12-17,1.5,0.0,20.06,4.35
2020-12-18,0.0,6.0,16.7,4.06
2020-12-19,7.0,,15.89,3.99
2020-12-20,,,12.25,3.62
2020-12-21,,0.0,10.82,3.47
2020-12-22,0.0,3.0,11.07,3.5
2020-12-23,9.5,5.0,17.02,4.1
2020-12-24,83.0,40.5,19.53,4.28
2020-12-25,33.0,3.5,51.54,6.16
2020-12-26,1.5,0.0,34.19,5.24
2020-12-27,0.0,1.5,21.89,4.47
2020-12-28,0.0,,20.51,4.39
2020-12-29,,0.0,15.42,3.9
2020-12-30,4.5,6.5,16.26,4.03
2020-12-31,4.5,,16.46,4.02
2021-01-01,,,17.59,3.88
2021-01-02,,1.5,16.61,3.78
2021-01-03,2.0,8.5,16.89,3.81
2021-01-04,6.5,3.5,23.4,4.35
2021-01-05,5.0,,23.01,4.3
2021-01-06,,1.0,18.57,3.93
2021-01-07,1.5,,19.03,3.98
2021-01-08,1.5,3.0,16.61,3.75
2021-01-09,1.0,17.0,17.62,3.83
2021-01-10,16.0,43.5,40.42,5.39
2021-01-11,24.0,6.5,48.83,5.78
2021-01-12,5.5,9.5,49.76,5.82
2021-01-13,11.0,4.0,54.93,6.04
2021-01-14,11.0,3.5,45.48,5.59
2021-01-15,8.0,,38.47,5.22
2021-01-16,,10.5,31.69,4.83
2021-01-17,3.5,0.0,37.04,5.14
2021-01-18,,2.5,26.61,4.48
2021-01-19,4.0,1.0,24.72,4.35
2021-01-20,1.5,1.0,21.69,4.11
2021-01-21,1.0,10.0,21.03,4.06
2021-01-22,8.5,1.0,28.62,4.61
2021-01-23,0.0,,22.56,4.16
2021-01-24,0.0,0.0,19.56,3.92
2021-01-25,,7.0,21.41,4.07
2021-01-26,12.0,13.5,27.38,4.5
2021-01-27,13.5,0.0,36.11,5.05
2021-01-28,0.0,0.0,28.97,4.58
2021-01-29,0.0,1.5,25.63,4.36
2021-01-30,4.0,1.0,23.53,4.2
2021-01-31,1.5,0.0,21.22,4.02
2021-02-01,0.0,1.5,19.59,3.88
2021-02-02,5.5,6.5,21.15,4.01
2021-02-03,5.0,2.5,24.01,4.22
2021-02-04,0.0,16.0,21.7,4.04
2021-02-05,18.0,1.5,26.0,4.35
2021-02-06,7.0,13.5,24.05,4.21
2021-02-07,23.0,37.5,33.22,4.81
2021-02-08,26.5,10.5,46.24,5.51
2021-02-09,11.5,1.5,33.55,4.78
2021-02-10,3.0,2.0,26.22,4.33
2021-02-11,1.5,,23.84,4.16
2021-02-12,,,20.68,3.91
2021-02-13,,,22.97,4.08
2021-02-14,0.0,,19.3,3.78
2021-02-15,,1.0,18.73,3.73
2021-02-16,0.0,0.0,19.76,3.82
2021-02-17,0.0,,19.08,3.76
2021-02-18,,41.0,20.0,3.82
2021-02-19,17.5,9.0,20.91,3.84
2021-02-20,11.0,16.5,25.55,4.25
2021-02-21,23.0,0.0,30.56,4.56
2021-02-22,0.0,,22.71,4.01
2021-02-23,,,21.31,3.9
2021-02-24,,,19.77,3.77
2021-02-25,,30.5,19.96,3.78
2021-02-26,29.0,1.0,29.92,4.51
2021-02-27,1.0,,23.6,4.04
2021-02-28,,,19.96,3.76
2021-03-01,,4.0,19.38,3.71
2021-03-02,2.5,1.0,27.83,4.34
2021-03-03,1.0,3.5,22.61,3.95
2021-03-04,1.0,16.5,28.03,4.35
2021-03-05,18.5,,31.6,4.56
2021-03-06,0.0,10.5,33.79,4.69
2021-03-07,29.5,41.5,34.44,4.72
2021-03-08,21.0,1.0,32.54,4.6
2021-03-09,0.0,,30.36,4.46
2021-03-10,,,24.11,4.03
2021-03-11,,12.0,27.31,4.23
2021-03-12,6.5,3.0,32.21,4.55
2021-03-13,5.5,,27.19,4.23
2021-03-14,,,23.85,3.99
2021-03-15,,,21.7,3.82
2021-03-16,,13.5,22.84,3.89
2021-03-17,16.0,31.5,30.02,4.4
2021-03-18,35.5,14.0,31.75,4.49
2021-03-19,27.0,4.0,41.81,5.04
2021-03-20,3.5,,41.46,5.03
2021-03-21,,,34.64,4.65
2021-03-22,,1.5,35.59,4.71
2021-03-23,1.5,38.5,37.55,4.81
2021-03-24,41.0,17.0,48.16,5.36
2021-03-25,31.5,25.0,55.64,5.69
2021-03-26,42.0,52.0,68.3,6.2
2021-03-27,67.5,12.5,61.8,5.92
2021-03-28,11.0,8.5,63.15,5.99
2021-03-29,0.5,2.0,55.04,5.62
2021-03-30,,19.5,43.45,5.08
2021-03-31,9.0,42.5,61.51,5.91
2021-04-01,2.0,3.0,73.85,6.37
2021-04-02,1.0,1.0,49.36,5.33
2021-04-03,,0.0,36.75,4.7
2021-04-04,0.0,,33.23,4.49
2021-04-05,,,29.83,4.28
2021-04-06,,,28.16,4.17
2021-04-07,,,26.0,4.01
2021-04-08,,,24.63,3.91
2021-04-09,0.0,,22.94,3.78
2021-04-10,,,22.17,3.72
2021-04-11,12.5,5.0,24.07,3.86
2021-04-12,0.0,1.0,32.8,4.44
2021-04-13,3.5,3.5,32.5,4.4
2021-04-14,15.0,11.5,32.99,4.43
2021-04-15,3.5,4.5,32.1,4.36
2021-04-16,1.0,,31.51,4.33
2021-04-17,,,27.91,4.08
2021-04-18,4.0,,24.12,3.82
2021-04-19,,,25.1,3.89
2021-04-20,,,22.84,3.71
2021-04-21,,,21.18,3.58
2021-04-22,,,20.28,3.5
2021-04-23,55.5,26.0,20.3,3.5
2021-04-24,16.0,1.5,23.82,3.77
2021-04-25,0.5,0.0,23.26,3.72
2021-04-26,,,20.52,3.49
2021-04-27,11.0,9.5,19.99,3.45
2021-04-28,21.5,35.5,22.96,3.68
2021-04-29,5.5,1.0,31.05,4.22
2021-04-30,5.5,,24.12,3.74
2021-05-01,,,21.88,3.58
2021-05-02,,,21.71,3.56
2021-05-03,,,20.7,3.47
2021-05-04,65.5,32.0,23.16,3.66
2021-05-05,11.5,11.5,29.38,4.09
2021-05-06,2.5,5.5,28.94,4.05
2021-05-07,,0.0,27.03,3.92
2021-05-08,,,23.09,3.63
2021-05-09,,,21.38,3.49
2021-05-10,,,20.02,3.38
2021-05-11,,0.0,19.23,3.31
2021-05-12,,,18.89,3.28
2021-05-13,15.0,13.0,19.48,3.32
2021-05-14,,,20.04,3.36
2021-05-15,21.0,15.5,19.52,3.31
2021-05-16,35.5,7.0,20.21,3.36
2021-05-17,14.0,17.0,21.27,3.44
2021-05-18,,0.0,33.75,4.28
2021-05-19,,0.0,23.48,3.59
2021-05-20,9.0,20.5,24.22,3.65
2021-05-21,79.5,4.0,30.76,4.07
2021-05-22,3.5,3.0,32.6,4.18
2021-05-23,,0.0,39.46,4.58
2021-05-24,65.5,57.0,36.26,4.38
2021-05-25,,,86.24,6.53
2021-05-26,0.0,,47.8,4.91
2021-05-27,,,33.19,4.2
2021-05-28,,,28.08,3.87
2021-05-29,,3.0,29.77,3.97
2021-05-30,0.0,5.0,28.79,3.89
2021-05-31,31.0,9.5,32.93,4.17
2021-06-01,1.0,11.5,34.95,4.27
2021-06-02,3.5,7.0,50.4,5.07
2021-06-03,16.0,8.5,45.44,4.81
2021-06-04,7.5,,34.59,4.23
2021-06-05,,,28.36,3.84
2021-06-06,2.0,3.0,26.24,3.7
2021-06-07,,0.0,33.47,4.17
2021-06-08,6.0,5.0,27.39,3.76
2021-06-09,,,24.67,3.57
2021-06-10,12.0,5.5,28.47,3.81
2021-06-11,6.0,1.0,45.27,4.6
2021-06-12,,,35.6,4.26
2021-06-13,,,27.74,3.76
2021-06-14,,,24.71,3.54
2021-06-15,,,23.81,3.48
2021-06-16,3.5,4.0,24.22,3.5
2021-06-17,,3.0,28.19,3.77
2021-06-18,5.0,11.0,44.23,4.7
2021-06-19,8.5,14.0,45.54,4.74
2021-06-20,24.0,34.5,67.7,5.72
2021-06-21,5.0,1.0,72.11,5.86
2021-06-22,,,52.93,5.03
2021-06-23,,2.5,39.07,4.38
2021-06-24,4.0,5.0,36.34,4.23
2021-06-25,,,33.99,4.09
2021-06-26,,,32.32,3.98
2021-06-27,,,31.38,3.92
2021-06-28,,,29.5,3.8
2021-06-29,,,27.93,3.69
2021-06-30,,1.0,26.65,3.59
2021-07-01,2.5,2.0,27.24,3.64
2021-07-02,,,28.31,3.7
2021-07-03,,,25.21,3.48
2021-07-04,17.0,52.5,27.62,3.65
2021-07-05,,,27.68,3.64
2021-07-06,,,27.35,3.61
2021-07-07,,,24.42,3.39
2021-07-08,,,23.12,3.3
2021-07-09,7.0,,22.4,3.24
2021-07-10,0.0,7.0,23.26,3.3
2021-07-11,,,23.74,3.33
2021-07-12,,,23.16,3.28
2021-07-13,,,22.44,3.22
2021-07-14,,,22.25,3.2
2021-07-15,,,22.12,3.18
2021-07-16,,,22.1,3.18
2021-07-17,,,21.94,3.16
2021-07-18,,,21.45,3.12
2021-07-19,13.0,22.5,21.55,3.12
2021-07-20,,23.0,25.46,3.41
2021-07-21,2.0,0.0,25.47,3.4
2021-07-22,0.0,0.0,24.42,3.31
2021-07-23,,,23.24,3.22
2021-07-24,,,23.05,3.2
2021-07-25,,,23.0,3.2
2021-07-26,,,22.23,3.13
2021-07-27,,,21.62,3.08
2021-07-28,,,21.41,3.06
2021-07-29,,,21.3,3.05
2021-07-30,,,21.16,3.03
2021-07-31,,,21.21,3.03
2021-08-01,,,20.6,2.97
2021-08-02,,,21.09,3.01
2021-08-03,,,21.17,3.01
2021-08-04,,,21.2,3.01
2021-08-05,0.0,1.0,22.68,3.12
2021-08-06,,,22.47,3.09
2021-08-07,,,22.03,3.05
2021-08-08,22.5,53.0,21.94,3.04
2021-08-09,6.5,7.0,26.75,3.39
2021-08-10,,,26.06,3.33
2021-08-11,,,23.55,3.14
2021-08-12,,,22.48,3.06
2021-08-13,,,22.07,3.02
2021-08-14,,,22.57,3.06
2021-08-15,,,22.43,3.04
2021-08-16,,,22.01,3.0
2021-08-17,,,21.27,2.94
2021-08-18,38.5,33.0,22.25,3.01
2021-08-19,0.0,,30.72,3.6
2021-08-20,,,26.67,3.31
2021-08-21,,0.0,24.22,3.14
2021-08-22,,,24.28,3.14
2021-08-23,,,23.07,3.04
2021-08-24,,,22.61,3.01
2021-08-25,,,22.3,2.97
2021-08-26,,,22.1,2.96
2021-08-27,,,22.24,2.96
2021-08-28,,,22.55,2.98
2021-08-29,,,21.95,2.93
2021-08-30,,,22.53,2.97
2021-08-31,,,22.71,2.97
2021-09-01,,,21.94,2.9
2021-09-02,,,21.78,2.89
2021-09-03,,,21.9,2.89
2021-09-04,,,21.92,2.89
2021-09-05,,,21.91,2.88
2021-09-06,,,22.39,2.92
2021-09-07,16.5,,22.74,2.94
2021-09-08,,,24.57,3.07
2021-09-09,,,23.06,2.95
2021-09-10,,,22.82,2.93
2021-09-11,,,22.69,2.91
2021-09-12,,1.0,22.58,2.9
2021-09-13,,,23.23,2.94
2021-09-14,11.5,,27.16,3.22
2021-09-15,1.0,6.0,28.76,3.31
2021-09-16,,1.0,27.67,3.23
2021-09-17,,,26.48,3.15
2021-09-18,,,25.29,3.06
2021-09-19,,,24.62,3.01
2021-09-20,,,24.24,2.97
2021-09-21,7.0,,24.03,2.96
2021-09-22,,6.5,25.42,3.05
2021-09-23,,,25.14,3.03
2021-09-24,,,25.29,3.03
2021-09-25,8.5,5.0,28.01,3.22
2021-09-26,1.5,,29.48,3.3
2021-09-27,,,39.05,3.86
2021-09-28,,,30.19,3.33
2021-09-29,11.0,,27.94,3.18
2021-09-30,47.0,0.0,27.05,3.12
2021-10-01,,,27.14,3.12
2021-10-02,,,25.95,3.03
2021-10-03,15.0,6.0,26.24,3.05
2021-10-04,1.5,1.0,35.6,3.64
2021-10-05,,,34.88,3.58
2021-10-06,,0.0,30.22,3.29
2021-10-07,0.0,,29.65,3.25
2021-10-08,16.0,,31.11,3.34
2021-10-09,,,29.4,3.22
2021-10-10,,,27.97,3.13
2021-10-11,,0.0,27.48,3.09
2021-10-12,,2.0,31.33,3.34
2021-10-13,,,28.89,3.17
2021-10-14,5.0,2.0,29.35,3.2
2021-10-15,3.5,2.5,28.33,3.12
2021-10-16,23.0,52.0,31.4,3.31
2021-10-17,33.0,19.5,50.74,4.34
2021-10-18,8.0,18.5,42.88,3.94
2021-10-19,20.5,5.5,50.39,4.3
2021-10-20,,0.0,47.62,4.14
2021-10-21,13.5,14.0,35.21,3.51
2021-10-22,,,39.24,3.73
2021-10-23,,,35.48,3.52
2021-10-24,,0.0,32.29,3.32
2021-10-25,,,33.41,3.39
2021-10-26,13.0,1.5,32.2,3.31
2021-10-27,35.0,40.0,34.65,3.45
2021-10-28,0.0,,46.03,4.06
2021-10-29,50.0,23.0,40.47,3.75
2021-10-30,14.5,36.0,44.91,3.99
2021-10-31,26.5,11.0,48.22,4.14
2021-11-01,65.5,65.0,63.81,4.82
2021-11-02,35.5,55.5,70.41,5.03
2021-11-03,18.0,23.5,102.78,6.15
2021-11-04,21.0,29.0,73.38,5.14
2021-11-05,14.5,6.5,78.97,5.34
2021-11-06,3.5,4.0,55.59,4.43
2021-11-07,9.0,8.0,57.28,4.51
2021-11-08,3.0,4.0,67.91,4.93
2021-11-09,46.5,64.0,58.07,4.52
2021-11-10,4.5,16.5,94.57,5.86
2021-11-11,0.0,1.0,75.3,5.15
2021-11-12,31.0,34.0,62.46,4.64
2021-11-13,9.0,7.0,74.25,5.13
2021-11-14,23.0,17.0,86.78,5.57
2021-11-15,3.5,5.5,90.16,5.68
2021-11-16,0.0,,83.26,5.43
2021-11-17,0.0,1.0,71.58,5.02
2021-11-18,0.0,1.0,74.02,5.11
2021-11-19,27.0,19.5,84.06,5.44
2021-11-20,,,89.12,5.59
2021-11-21,,,67.73,4.84
2021-11-22,,,55.27,4.33
2021-11-23,,0.0,51.92,4.19
2021-11-24,4.0,6.0,49.83,4.08
2021-11-25,83.0,60.0,64.87,4.73
2021-11-26,0.0,1.5,90.78,5.65
2021-11-27,56.5,50.5,89.53,5.58
2021-11-28,0.0,0.0,118.28,6.44
2021-11-29,4.5,39.0,89.88,5.57
2021-11-30,,13.0,73.72,4.99
2021-12-01,0.0,1.0,90.54,5.6
2021-12-02,3.0,10.0,89.09,5.55
2021-12-03,3.5,4.5,86.4,5.45
2021-12-04,0.0,0.0,78.55,5.18
2021-12-05,,,72.08,4.93
2021-12-06,7.5,6.0,61.33,4.51
2021-12-07,,,61.55,4.52
2021-12-08,,,56.41,4.3
2021-12-09,,0.0,51.5,4.08
2021-12-10,24.5,42.0,57.25,4.33
2021-12-11,8.5,1.0,83.78,5.34
2021-12-12,7.0,5.0,75.02,5.0
2021-12-13,8.0,0.0,82.81,5.28
2021-12-14,,0.0,66.39,4.66
2021-12-15,4.0,10.5,65.44,4.64
2021-12-16,40.0,60.0,70.04,4.81
2021-12-17,16.0,31.0,78.36,5.11
2021-12-18,1.0,1.5,73.81,4.93
2021-12-19,0.0,1.5,63.97,4.57
2021-12-20,0.0,0.0,67.39,4.7
2021-12-21,6.5,25.0,64.01,4.57
2021-12-22,38.5,10.0,59.55,4.38
2021-12-23,3.0,5.5,96.85,5.74
2021-12-24,14.5,10.5,94.26,5.62
2021-12-25,2.0,2.0,88.1,5.44
2021-12-26,,,86.95,5.4
2021-12-27,2.5,0.0,72.18,4.88
2021-12-28,,0.0,70.61,4.83
2021-12-29,,0.0,74.21,4.96
2021-12-30,,0.0,81.18,5.21
2021-12-31,6.0,11.5,75.08,4.99
2022-01-01,,,74.31,
2022-01-02,,,64.27,
2022-01-03,,,59.11,
2022-01-04,,,56.39,
2022-01-05,2.5,3.0,54.97,
2022-01-06,35.0,40.0,65.33,
2022-01-07,11.0,6.5,70.3,
2022-01-08,,,85.1,
2022-01-09,49.5,14.0,75.26,
2022-01-10,4.0,0.0,66.85,
2022-01-11,9.5,10.0,63.75,
2022-01-12,,,65.83,
2022-01-13,,0.0,61.73,
2022-01-14,5.0,6.0,59.86,
2022-01-15,2.0,2.0,63.36,
2022-01-16,,,62.39,
2022-01-17,,9.0,57.57,
2022-01-18,,,65.25,
2022-01-19,1.0,1.0,62.03,
2022-01-20,0.0,0.0,61.43,
2022-01-21,,,55.08,
2022-01-22,0.0,,53.12,
2022-01-23,,,51.66,
2022-01-24,22.0,7.0,54.36,
2022-01-25,,,53.87,
2022-01-26,,,54.33,
2022-01-27,,,52.85,
2022-01-28,,,76.5,
2022-01-29,,,53.92,
2022-01-30,1.5,1.5,47.46,
2022-01-31,4.0,3.5,53.96,
2022-02-01,,0.0,56.65,
2022-02-02,0.0,0.0,61.0,
2022-02-03,15.0,33.0,63.6,
2022-02-04,5.0,9.0,67.2,
2022-02-05,6.5,5.5,70.5,
2022-02-06,1.5,1.5,64.18,
2022-02-07,2.0,2.0,59.89,
2022-02-08,,,58.49,
2022-02-09,23.5,21.0,57.68,
2022-02-10,,,73.83,
2022-02-11,0.0,,59.83,
2022-02-12,,,54.8,
2022-02-13,,,53.16,
2022-02-14,43.0,50.0,55.23,
2022-02-15,,,68.69,
2022-02-16,37.0,35.5,62.31,
2022-02-17,4.0,4.0,74.57,
2022-02-18,3.5,4.0,84.18,
2022-02-19,12.5,7.0,80.78,
2022-02-20,0.0,0.0,69.56,
2022-02-21,3.0,4.5,65.2,
2022-02-22,,,61.29,
2022-02-23,,,58.69,
2022-02-24,,,57.88,
2022-02-25,,,54.4,
2022-02-26,0.0,1.5,53.88,
2022-02-27,,0.0,55.05,
2022-02-28,0.0,,54.44,
2022-03-01,,,53.41,
2022-03-02,,,51.98,
2022-03-03,,,50.26,
2022-03-04,9.0,5.5,50.2,
2022-03-05,37.5,36.0,55.6,
2022-03-06,8.5,8.5,67.09,
2022-03-07,9.5,14.5,69.68,
2022-03-08,15.0,10.0,92.7,
2022-03-09,,,81.26,
2022-03-10,19.0,15.0,73.22,
2022-03-11,8.8,7.0,102.38,
2022-03-12,6.0,6.5,81.42,
2022-03-13,23.0,28.0,73.2,
2022-03-14,21.5,7.5,110.08,
2022-03-15,,0.0,138.13,
2022-03-16,,,109.09,
2022-03-17,,,85.77,
2022-03-18,,,72.7,
2022-03-19,,,75.94,
2022-03-20,,,78.44,
2022-03-21,,,73.48,
2022-03-22,,,66.56,
2022-03-23,,,49.27,
2022-03-24,,,57.57,
2022-03-25,,,58.1,
2022-03-26,,0.0,63.13,
2022-03-27,11.5,11.0,59.45,
2022-03-28,,,83.29,
2022-03-29,10.5,0.0,83.55,
2022-03-30,1.0,3.0,66.21,
2022-03-31,,13.0,64.62,
2022-04-01,,,96.57,
2022-04-02,5.0,1.5,63.79,
2022-04-03,11.5,45.0,64.04,
2022-04-04,6.0,12.0,101.8,
2022-04-05,3.0,6.0,98.23,
2022-04-06,1.0,0.0,92.11,
2022-04-07,,,87.77,
2022-04-08,30.0,25.0,86.26,
2022-04-09,3.0,,82.32,
2022-04-10,4.0,5.0,77.92,
2022-04-11,7.5,9.0,81.37,
2022-04-12,7.0,4.0,99.99,
2022-04-13,10.0,13.0,80.82,
2022-04-14,3.5,7.0,72.52,
2022-04-15,106.5,66.0,71.82,
2022-04-16,3.5,4.0,117.48,
2022-04-17,1.5,0.0,87.69,
2022-04-18,65.5,66.0,80.26,
2022-04-19,10.0,12.0,154.97,
2022-04-20,0.0,0.0,141.88,
2022-04-21,0.0,,124.09,
2022-04-22,0.5,3.0,114.17,
2022-04-23,42.0,12.0,117.58,
2022-04-24,27.0,14.5,165.93,
2022-04-25,3.5,7.0,124.97,
2022-04-26,,0.0,116.98,
2022-04-27,,0.0,97.69,
2022-04-28,0.0,0.0,88.13,
2022-04-29,,19.5,74.1,
2022-04-30,41.0,25.0,71.57,
2022-05-01,15.5,10.0,88.29,
2022-05-02,14.5,16.5,83.03,
2022-05-03,,,100.79,
2022-05-04,,,74.26,
2022-05-05,,,72.32,
2022-05-06,7.5,15.5,66.32,
2022-05-07,11.0,16.5,67.93,
2022-05-08,12.0,12.5,84.93,
2022-05-09,12.0,11.5,76.08,
2022-05-10,,,74.8,
2022-05-11,0.0,1.0,80.19,
2022-05-12,,,90.16,
2022-05-13,,,77.82,
2022-05-14,0.0,0.0,70.99,
2022-05-15,6.5,4.5,68.43,
2022-05-16,5.0,2.5,73.34,
2022-05-17,65.5,27.5,72.76,
2022-05-18,45.5,55.0,75.82,
2022-05-19,,0.0,69.92,
2022-05-20,0.0,0.0,65.19,
2022-05-21,,1.0,62.79,
2022-05-22,,,67.11,
2022-05-23,,,62.07,
2022-05-24,3.0,5.0,60.21,
2022-05-25,19.0,12.0,65.5,
2022-05-26,0.0,,61.88,
2022-05-27,3.0,4.0,59.55,
2022-05-28,3.5,3.5,63.14,
2022-05-29,,,63.97,
2022-05-30,,1.0,59.9,
2022-05-31,,3.0,62.73,
2022-06-01,,5.0,81.48,
2022-06-02,57.0,57.0,82.92,
2022-06-03,,,83.24,
2022-06-04,1.5,,65.89,
2022-06-05,33.0,29.5,65.61,
2022-06-06,15.0,16.0,81.06,
2022-06-07,,,90.39,
2022-06-08,,,68.7,
2022-06-09,,0.0,64.11,
2022-06-10,,,63.84,
2022-06-11,12.0,11.0,63.16,
2022-06-12,18.0,1.0,79.39,
2022-06-13,5.5,2.5,71.29,
2022-06-14,,,64.99,
2022-06-15,13.0,12.0,63.14,
2022-06-16,3.0,0.0,64.96,
2022-06-17,,,64.41,
2022-06-18,1.0,,61.65,
2022-06-19,,,64.14,
2022-06-20,0.0,0.0,65.72,
2022-06-21,,,62.55,
2022-06-22,,0.0,58.41,
2022-06-23,,,57.94,
2022-06-24,,,58.97,
2022-06-25,0.0,0.0,62.1,
2022-06-26,3.0,6.5,62.95,
2022-06-27,20.5,19.5,73.82,
2022-06-28,,,88.89,
2022-06-29,,,66.12,
2022-06-30,,,59.28,
2022-07-01,,,54.75,
2022-07-02,,,51.98,
2022-07-03,,,51.49,
2022-07-04,,,51.56,
2022-07-05,0.0,0.0,50.82,
2022-07-06,3.0,2.0,57.21,
2022-07-07,,,62.28,
2022-07-08,,,55.97,
2022-07-09,,,51.77,
2022-07-10,,,51.13,
2022-07-11,,,49.78,
2022-07-12,,,49.99,
2022-07-13,5.0,2.0,50.49,
2022-07-14,32.0,42.0,57.78,
2022-07-15,32.0,41.0,76.2,
2022-07-16,4.5,6.0,120.79,
2022-07-17,,,92.17,
2022-07-18,,,70.8,
2022-07-19,,,61.18,
2022-07-20,,,56.69,
2022-07-21,,,53.85,
2022-07-22,,,51.47,
2022-07-23,,,51.68,
2022-07-24,,,50.94,
2022-07-25,,0.0,49.48,
2022-07-26,,,48.59,
2022-07-27,,,47.91,
2022-07-28,,,46.59,
2022-07-29,7.0,,47.82,
2022-07-30,,,46.86,
2022-07-31,,,45.71,
2022-08-01,,,44.31,
2022-08-02,,,44.79,
2022-08-03,,,44.02,
2022-08-04,,0.0,44.6,
2022-08-05,,,43.69,
2022-08-06,,,43.84,
2022-08-07,,,43.89,
2022-08-08,,,43.6,
2022-08-09,,,43.27,
2022-08-10,2.0,0.0,43.87,
2022-08-11,,,44.93,
2022-08-12,3.0,1.0,53.36,
2022-08-13,42.0,,62.51,
2022-08-14,1.0,0.0,55.92,
2022-08-15,3.0,3.0,51.53,
2022-08-16,14.0,6.5,53.84,
2022-08-17,,,54.12,
2022-08-18,,,50.26,
2022-08-19,,,47.9,
2022-08-20,,,45.8,
2022-08-21,,0.0,44.73,
2022-08-22,,,45.59,
2022-08-23,,,43.92,
2022-08-24,,,44.13,
2022-08-25,,,43.17,
2022-08-26,,,43.35,
2022-08-27,,,43.11,
2022-08-28,,,41.89,
2022-08-29,,13.0,41.9,
2022-08-30,13.0,18.5,42.99,
2022-08-31,,,43.82,
2022-09-01,0.0,,42.21,
2022-09-02,,,43.5,
2022-09-03,25.5,18.0,46.66,
2022-09-04,9.0,27.0,50.05,
2022-09-05,1.0,,48.42,
2022-09-06,1.0,4.5,46.59,
2022-09-07,4.5,5.0,49.87,
2022-09-08,0.5,0.0,73.96,
2022-09-09,33.0,13.0,62.28,
2022-09-10,14.5,15.5,71.91,
2022-09-11,7.0,6.5,91.7,
2022-09-12,3.5,4.0,82.04,
2022-09-13,,0.0,65.95,
2022-09-14,,,58.64,
2022-09-15,,,52.0,
2022-09-16,5.5,3.0,50.95,
2022-09-17,3.0,1.5,53.08,
2022-09-18,,,50.05,
2022-09-19,,,46.19,
2022-09-20,,,45.23,
2022-09-21,,,46.74,
2022-09-22,2.0,3.5,45.99,
2022-09-23,0.0,0.0,53.14,
2022-09-24,,,48.99,
2022-09-25,,,46.42,
2022-09-26,,,45.13,
2022-09-27,,,44.13,
2022-09-28,,,43.18,
2022-09-29,0.0,4.0,42.42,
2022-09-30,,,43.55,
2022-10-01,0.0,11.0,44.59,
2022-10-02,13.5,10.5,46.67,
2022-10-03,26.5,31.0,51.88,
2022-10-04,2.0,4.0,103.96,
2022-10-05,1.0,,97.87,
2022-10-06,35.5,19.5,82.27,
2022-10-07,10.5,41.0,102.28,
2022-10-08,28.0,28.5,109.29,
2022-10-09,4.0,6.0,112.26,
2022-10-10,0.0,0.0,90.46,
2022-10-11,0.0,,72.82,
2022-10-12,,,68.42,
2022-10-13,22.5,19.0,66.66,
2022-10-14,14.0,1.0,92.8,
2022-10-15,31.5,23.0,81.54,
2022-10-16,,,69.21,
2022-10-17,,0.0,65.25,
2022-10-18,31.5,44.0,71.13,
2022-10-19,8.5,12.5,91.72,
2022-10-20,9.5,11.0,89.65,
2022-10-21,12.0,10.5,100.72,
2022-10-22,54.0,37.5,108.93,
2022-10-23,0.0,,150.65,
2022-10-24,3.0,,118.77,
2022-10-25,8.5,9.0,98.11,
2022-10-26,0.0,0.0,101.04,
2022-10-27,,,81.7,
2022-10-28,,,71.47,
2022-10-29,11.5,,65.09,
2022-10-30,0.0,,61.21,
2022-10-31,,,57.96,
2022-11-01,42.0,20.0,60.66,
2022-11-02,1.5,6.5,85.34,
2022-11-03,12.5,2.0,80.51,
2022-11-04,18.0,17.0,75.24,
2022-11-05,6.0,11.5,89.33,
2022-11-06,7.0,11.0,88.33,
2022-11-07,23.5,19.0,91.28,
2022-11-08,0.0,11.0,88.73,
2022-11-09,0.0,1.5,81.49,
2022-11-10,24.5,19.0,84.33,
2022-11-11,4.0,0.0,86.38,
2022-11-12,3.0,0.0,111.54,
2022-11-13,6.0,28.0,109.21,
2022-11-14,7.5,6.0,109.5,
2022-11-15,,0.0,106.56,
2022-11-16,0.0,,87.36,
2022-11-17,0.0,,76.58,
2022-11-18,17.0,16.5,73.75,
2022-11-19,,,92.61,
2022-11-20,,,72.48,
2022-11-21,,,63.73,
2022-11-22,3.0,0.0,61.83,
2022-11-23,0.0,0.0,69.02,
2022-11-24,0.0,0.0,71.92,
2022-11-25,5.0,8.0,83.77,
2022-11-26,11.5,12.0,106.16,
2022-11-27,0.0,0.0,114.19,
2022-11-28,57.5,41.0,110.77,
2022-11-29,13.0,8.5,103.29,
2022-11-30,,,96.23,
2022-12-01,1.5,23.0,82.54,
2022-12-02,9.5,40.0,129.27,
2022-12-03,15.0,5.0,138.77,
2022-12-04,5.5,0.0,128.91,
2022-12-05,27.5,23.5,134.18,
2022-12-06,6.5,20.0,129.41,
2022-12-07,30.0,21.0,116.51,
2022-12-08,14.0,21.0,123.81,
2022-12-09,,,113.7,
2022-12-10,,0.0,98.87,
2022-12-11,0.0,3.5,88.49,
2022-12-12,53.5,35.0,126.2,
2022-12-13,0.0,,121.46,
2022-12-14,8.5,0.0,98.98,
2022-12-15,10.0,19.0,107.39,
2022-12-16,14.5,0.0,113.3,
2022-12-17,3.0,17.0,121.0,
2022-12-18,20.0,23.0,130.98,
2022-12-19,0.0,,127.66,
2022-12-20,5.5,0.0,112.71,
2022-12-21,,0.0,100.09,
2022-12-22,0.0,0.0,86.74,
2022-12-23,,,81.15,
2022-12-24,8.5,9.0,75.33,
2022-12-25,5.5,5.5,75.6,
2022-12-26,16.0,17.5,80.69,
2022-12-27,,0.0,98.42,
2022-12-28,0.0,0.0,78.83,
2022-12-29,,11.5,73.64,
2022-12-30,0.0,0.0,79.95,
2022-12-31,,0.0,77.0,
2023-01-01,0.0,0.0,56.48,
2023-01-02,0.0,2.0,50.13,
2023-01-03,,0.0,47.59,
2023-01-04,7.0,8.0,44.69,
2023-01-05,,0.0,45.4,
2023-01-06,,,43.53,
2023-01-07,,,42.16,
2023-01-08,,2.0,41.89,
2023-01-09,,1.5,42.95,
2023-01-10,,0.0,54.71,
2023-01-11,0.0,0.0,52.65,
2023-01-12,,,46.19,
2023-01-13,,,46.22,
2023-01-14,1.0,1.5,43.69,
2023-01-15,,0.0,42.04,
2023-01-16,,,52.49,
2023-01-17,,,48.12,
2023-01-18,8.5,6.5,52.35,
2023-01-19,,,59.8,
2023-01-20,,0.0,51.87,
2023-01-21,19.0,15.5,58.8,
2023-01-22,0.0,0.0,66.0,
2023-01-23,4.0,9.0,53.95,
2023-01-24,0.0,1.0,67.05,
2023-01-25,9.5,9.0,67.69,
2023-01-26,0.0,0.0,62.58,
2023-01-27,,0.0,52.95,
2023-01-28,6.5,5.5,45.75,
2023-01-29,,,49.11,
2023-01-30,,,45.14,
2023-01-31,,,43.21,
2023-02-01,0.0,0.0,42.18,
2023-02-02,,,41.28,
2023-02-03,,0.0,39.6,
2023-02-04,0.0,0.0,40.31,
2023-02-05,,,39.73,
2023-02-06,,,38.57,
2023-02-07,,,37.08,
2023-02-08,,,36.74,
2023-02-09,0.0,1.0,36.19,
2023-02-10,13.0,14.5,38.24,
2023-02-11,12.0,12.0,47.62,
2023-02-12,7.5,3.5,54.93,
2023-02-13,6.0,5.0,49.63,
2023-02-14,6.0,6.0,44.49,
2023-02-15,8.5,7.0,43.42,
2023-02-16,1.5,1.0,44.3,
2023-02-17,5.5,5.5,45.6,
2023-02-18,1.0,1.5,44.05,
2023-02-19,,0.0,43.7,
2023-02-20,0.0,1.0,44.0,
2023-02-21,0.0,,42.63,
2023-02-22,0.0,,41.96,
2023-02-23,16.0,5.0,40.51,
2023-02-24,34.0,30.5,51.94,
2023-02-25,1.5,1.0,53.95,
2023-02-26,19.0,18.0,48.07,
2023-02-27,2.5,1.5,55.96,
2023-02-28,0.0,0.0,49.59,
2023-03-01,,19.5,44.35,
2023-03-02,,0.0,52.13,
2023-03-03,,11.5,49.44,
2023-03-04,,,43.26,
2023-03-05,,,41.16,
2023-03-06,,,40.04,
2023-03-07,,,42.2,
2023-03-08,,,46.24,
2023-03-09,,13.0,45.95,
2023-03-10,,32.0,50.71,
2023-03-11,,,55.37,
2023-03-12,,,43.38,
2023-03-13,,,38.76,
2023-03-14,,7.0,36.94,
2023-03-15,,10.0,39.38,
2023-03-16,,,39.11,
2023-03-17,,66.5,42.41,
2023-03-18,,0.0,67.87,
2023-03-19,,10.0,55.06,
2023-03-20,,24.5,54.38,
2023-03-21,,16.5,66.8,
2023-03-22,,35.5,71.29,
2023-03-23,,4.5,90.55,
2023-03-24,,35.0,76.0,
2023-03-25,,90.0,77.86,
2023-03-26,,36.0,80.62,
2023-03-27,,0.0,94.84,
2023-03-28,,,76.15,
2023-03-29,,0.0,61.36,
2023-03-30,,0.0,55.03,
2023-03-31,,8.0,51.12,
2023-04-01,0.0,1.0,60.38,
2023-04-02,5.0,14.0,55.17,
2023-04-03,,0.0,58.46,
2023-04-04,,,46.51,
2023-04-05,,,43.9,
2023-04-06,,,44.55,
2023-04-07,,0.0,40.66,
2023-04-08,,,45.7,
2023-04-09,,,41.88,
2023-04-10,3.0,2.5,42.09,
2023-04-11,,4.5,41.09,
2023-04-12,5.0,4.0,40.78,
2023-04-13,,,45.52,
2023-04-14,31.5,20.0,45.62,
2023-04-15,,,71.08,
2023-04-16,0.0,2.0,61.15,
2023-04-17,14.0,5.5,57.43,
2023-04-18,9.0,10.0,48.24,
2023-04-19,,0.0,46.19,
2023-04-20,7.0,16.5,47.48,
2023-04-21,23.0,31.5,44.29,
2023-04-22,,,46.59,
2023-04-23,42.5,32.0,43.86,
2023-04-24,,24.5,45.59,
2023-04-25,5.5,12.0,53.76,
2023-04-26,88.5,4.5,53.11,
2023-04-27,,,53.33,
2023-04-28,37.0,23.0,52.09,
2023-04-29,,0.0,60.41,
2023-04-30,16.5,14.0,51.46,
2023-05-01,0.0,0.0,79.69,
2023-05-02,,,54.03,
2023-05-03,31.5,31.0,60.96,
2023-05-04,9.5,46.0,87.97,
2023-05-05,23.5,16.5,98.39,
2023-05-06,2.0,0.0,115.9,
2023-05-07,50.0,15.0,90.61,
2023-05-08,40.0,14.0,85.95,
2023-05-09,,0.0,85.86,
2023-05-10,,0.0,66.47,
2023-05-11,,0.0,57.03,
2023-05-12,,,52.4,
2023-05-13,1.0,0.0,55.34,
2023-05-14,,,53.23,
2023-05-15,,,45.14,
2023-05-16,,,42.74,
2023-05-17,,,41.34,
2023-05-18,,,40.31,
2023-05-19,,,40.0,
2023-05-20,,6.0,39.99,
2023-05-21,23.0,16.5,44.93,
2023-05-22,39.0,34.0,44.82,
2023-05-23,,0.0,40.88,
2023-05-24,14.5,27.0,39.62,
2023-05-25,0.0,0.0,38.74,
2023-05-26,,,37.12,
2023-05-27,,,37.04,
2023-05-28,,,36.84,
2023-05-29,5.5,,34.39,
2023-05-30,,,42.26,
2023-05-31,,,40.43,
2023-06-01,,,34.86,
2023-06-02,,,33.62,
2023-06-03,12.5,0.0,34.19,
2023-06-04,6.0,3.0,34.13,
2023-06-05,16.0,14.5,43.67,
2023-06-06,16.0,0.0,46.66,
2023-06-07,,,39.14,
2023-06-08,,,36.58,
2023-06-09,,,35.26,
2023-06-10,,,33.63,
2023-06-11,,,32.52,
2023-06-12,,,32.06,
2023-06-13,0.0,,31.6,
2023-06-14,8.5,7.0,31.32,
2023-06-15,3.0,1.5,31.79,
2023-06-16,37.5,50.0,37.29,
2023-06-17,,0.0,44.71,
2023-06-18,,,42.04,
2023-06-19,15.5,11.5,40.85,
2023-06-20,,0.0,66.61,
2023-06-21,,,50.66,
2023-06-22,,,42.1,
2023-06-23,79.5,25.0,38.07,
2023-06-24,0.0,,37.15,
2023-06-25,18.0,11.5,36.88,
2023-06-26,,,41.85,
2023-06-27,28.0,23.0,43.18,
2023-06-28,,,42.48,
2023-06-29,,,37.05,
2023-06-30,,,35.13,
2023-07-01,,0.0,33.22,
2023-07-02,11.5,20.0,34.18,
2023-07-03,,,33.28,
2023-07-04,2.0,1.5,32.37,
2023-07-05,,2.0,32.89,
2023-07-06,,3.5,38.83,
2023-07-07,,,37.93,
2023-07-08,28.0,29.5,37.71,
2023-07-09,,,47.32,
2023-07-10,,,39.66,
2023-07-11,,,36.05,
2023-07-12,,,33.88,
2023-07-13,,,31.78,
2023-07-14,,,31.09,
2023-07-15,,,30.33,
2023-07-16,,,29.87,
2023-07-17,,,29.9,
2023-07-18,,,29.0,
2023-07-19,,,28.21,
2023-07-20,,,27.3,
2023-07-21,,,28.32,
2023-07-22,,,29.09,
2023-07-23,,,27.45,
2023-07-24,,,27.73,
2023-07-25,,,28.43,
2023-07-26,6.0,13.5,33.49,
2023-07-27,,,31.21,
2023-07-28,,,28.99,
2023-07-29,,,27.56,
2023-07-30,,,27.4,
2023-07-31,,,27.28,
2023-08-01,,,29.38,
2023-08-02,,0.0,27.84,
2023-08-03,,,28.73,
2023-08-04,,,28.41,
2023-08-05,,,27.5,
2023-08-06,,,27.47,
2023-08-07,14.5,0.0,27.19,
2023-08-08,,,27.57,
2023-08-09,,,27.15,
2023-08-10,,,27.45,
2023-08-11,,,27.03,
2023-08-12,,,27.08,
2023-08-13,,,26.13,
2023-08-14,,,26.52,
2023-08-15,,,26.47,
2023-08-16,,,25.84,
2023-08-17,,,25.86,
2023-08-18,,,25.41,
2023-08-19,,,25.25,
2023-08-20,,,25.24,
2023-08-21,,,25.56,
2023-08-22,,,25.25,
2023-08-23,,,25.22,
2023-08-24,,,25.79,
2023-08-25,,,24.82,
2023-08-26,,,15.1,
2023-08-27,0.0,0.0,14.2,
2023-08-28,,,14.81,
2023-08-29,,,24.78,
2023-08-30,,,25.68,
2023-08-31,,,25.35,
2023-09-01,,,24.4,
2023-09-02,,,14.37,
2023-09-03,,,17.1,
2023-09-04,,,18.2,
2023-09-05,,,14.42,
2023-09-06,,,13.62,
2023-09-07,,,13.62,
2023-09-08,,,13.62,
2023-09-09,,,13.62,
2023-09-10,,,13.62,
2023-09-11,,,13.62,
2023-09-12,,,13.63,
2023-09-13,,,13.63,
2023-09-14,,,13.63,
2023-09-15,,,13.63,
2023-09-16,,,17.16,
2023-09-17,,,17.98,
2023-09-18,,,14.4,
2023-09-19,,,13.64,
2023-09-20,,1.0,13.64,
2023-09-21,,,18.32,
2023-09-22,,,27.07,
2023-09-23,,,25.98,
2023-09-24,,,24.72,
2023-09-25,,,20.6,
2023-09-26,,,20.59,
2023-09-27,,,17.76,
2023-09-28,,,14.36,
2023-09-29,,,17.04,
2023-09-30,,,14.37,
2023-10-01,,,14.37,
2023-10-02,,,19.73,
2023-10-03,,,13.66,
2023-10-04,,,13.66,
2023-10-05,,,13.66,
2023-10-06,,,13.66,
2023-10-07,,,13.66,
2023-10-08,,,13.67,
2023-10-09,,,14.67,
2023-10-10,0.0,,23.18,
2023-10-11,,,25.76,
2023-10-12,,,18.98,
2023-10-13,,,17.98,
2023-10-14,,,13.68,
2023-10-15,,,13.68,
2023-10-16,,,13.68,
2023-10-17,,,14.44,
2023-10-18,,,26.77,
2023-10-19,,,25.97,
2023-10-20,7.0,58.0,26.04,
2023-10-21,,,25.94,
2023-10-22,14.5,4.5,28.06,
2023-10-23,5.0,11.0,29.39,
2023-10-24,29.0,3.5,42.92,
2023-10-25,20.5,14.5,38.83,
2023-10-26,,,34.71,
2023-10-27,,,30.71,
2023-10-28,,,27.97,
2023-10-29,,,27.59,
2023-10-30,,,26.84,
2023-10-31,0.0,,27.12,
2023-11-01,,,27.27,
2023-11-02,,,28.07,
2023-11-03,1.0,,27.99,
2023-11-04,,,32.11,
2023-11-05,,,29.37,
2023-11-06,,,28.47,
2023-11-07,,,28.21,
2023-11-08,0.0,,27.45,
2023-11-09,,,27.4,
2023-11-10,,,26.83,
2023-11-11,5.0,0.0,29.59,
2023-11-12,15.0,13.0,34.32,
2023-11-13,0.5,35.0,32.84,
2023-11-14,34.0,,32.34,
2023-11-15,,19.5,36.22,
2023-11-16,19.0,24.0,37.85,
2023-11-17,22.0,,41.27,
2023-11-18,1.0,,35.6,
2023-11-19,,,33.19,
2023-11-20,,,30.9,
2023-11-21,3.5,0.0,29.71,
2023-11-22,2.0,7.0,30.41,
2023-11-23,1.0,,30.86,
2023-11-24,11.0,18.5,30.09,
2023-11-25,,0.0,37.74,
2023-11-26,12.0,10.5,36.09,
2023-11-27,30.5,67.0,46.52,
2023-11-28,26.0,17.0,54.09,
2023-11-29,,,39.93,
2023-11-30,21.0,21.5,40.34,
2023-12-01,7.5,5.0,93.54,
2023-12-02,1.0,4.0,61.84,
2023-12-03,21.0,113.5,42.14,
2023-12-04,2.5,3.0,43.43,
2023-12-05,66.0,54.0,45.03,
2023-12-06,8.5,10.0,43.86,
2023-12-07,,,49.09,
2023-12-08,19.0,48.0,43.16,
2023-12-09,3.0,,53.93,
2023-12-10,4.5,21.0,49.31,
2023-12-11,,1.5,49.85,
2023-12-12,,,56.98,
2023-12-13,,,45.23,
2023-12-14,,0.0,42.62,
2023-12-15,,1.0,42.67,
2023-12-16,58.0,66.0,39.52,
2023-12-17,,6.0,45.4,
2023-12-18,9.5,0.0,45.89,
2023-12-19,,,45.02,
2023-12-20,,,40.97,
2023-12-21,,,39.59,
2023-12-22,,,40.08,
2023-12-23,6.5,0.0,51.13,
2023-12-24,15.0,,77.19,
2023-12-25,52.5,26.0,85.88,
2023-12-26,4.0,15.0,84.82,
2023-12-27,7.0,2.5,98.07,
2023-12-28,15.0,15.0,94.45,
2023-12-29,19.5,20.0,76.01,
2023-12-30,18.5,12.5,69.24,
2023-12-31,33.0,15.0,88.94,
